# Generated by gen_mesh.py
# Vertices: 1424, Faces: 2816
mtllib bearing.mtl
usemtl bearing_material
v 0.016925 0.000000 0.006000
v 0.016925 0.000000 -0.006000
v 0.022875 0.000000 0.006000
v 0.022875 0.000000 -0.006000
v 0.016902 0.000886 0.006000
v 0.016902 0.000886 -0.006000
v 0.022844 0.001197 0.006000
v 0.022844 0.001197 -0.006000
v 0.016832 0.001769 0.006000
v 0.016832 0.001769 -0.006000
v 0.022750 0.002391 0.006000
v 0.022750 0.002391 -0.006000
v 0.016717 0.002648 0.006000
v 0.016717 0.002648 -0.006000
v 0.022593 0.003578 0.006000
v 0.022593 0.003578 -0.006000
v 0.016555 0.003519 0.006000
v 0.016555 0.003519 -0.006000
v 0.022375 0.004756 0.006000
v 0.022375 0.004756 -0.006000
v 0.016348 0.004381 0.006000
v 0.016348 0.004381 -0.006000
v 0.022096 0.005920 0.006000
v 0.022096 0.005920 -0.006000
v 0.016097 0.005230 0.006000
v 0.016097 0.005230 -0.006000
v 0.021755 0.007069 0.006000
v 0.021755 0.007069 -0.006000
v 0.015801 0.006065 0.006000
v 0.015801 0.006065 -0.006000
v 0.021356 0.008198 0.006000
v 0.021356 0.008198 -0.006000
v 0.015462 0.006884 0.006000
v 0.015462 0.006884 -0.006000
v 0.020897 0.009304 0.006000
v 0.020897 0.009304 -0.006000
v 0.015080 0.007684 0.006000
v 0.015080 0.007684 -0.006000
v 0.020382 0.010385 0.006000
v 0.020382 0.010385 -0.006000
v 0.014657 0.008462 0.006000
v 0.014657 0.008462 -0.006000
v 0.019810 0.011437 0.006000
v 0.019810 0.011437 -0.006000
v 0.014194 0.009218 0.006000
v 0.014194 0.009218 -0.006000
v 0.019185 0.012459 0.006000
v 0.019185 0.012459 -0.006000
v 0.013693 0.009948 0.006000
v 0.013693 0.009948 -0.006000
v 0.018506 0.013446 0.006000
v 0.018506 0.013446 -0.006000
v 0.013153 0.010651 0.006000
v 0.013153 0.010651 -0.006000
v 0.017777 0.014396 0.006000
v 0.017777 0.014396 -0.006000
v 0.012578 0.011325 0.006000
v 0.012578 0.011325 -0.006000
v 0.016999 0.015306 0.006000
v 0.016999 0.015306 -0.006000
v 0.011968 0.011968 0.006000
v 0.011968 0.011968 -0.006000
v 0.016175 0.016175 0.006000
v 0.016175 0.016175 -0.006000
v 0.011325 0.012578 0.006000
v 0.011325 0.012578 -0.006000
v 0.015306 0.016999 0.006000
v 0.015306 0.016999 -0.006000
v 0.010651 0.013153 0.006000
v 0.010651 0.013153 -0.006000
v 0.014396 0.017777 0.006000
v 0.014396 0.017777 -0.006000
v 0.009948 0.013693 0.006000
v 0.009948 0.013693 -0.006000
v 0.013446 0.018506 0.006000
v 0.013446 0.018506 -0.006000
v 0.009218 0.014194 0.006000
v 0.009218 0.014194 -0.006000
v 0.012459 0.019185 0.006000
v 0.012459 0.019185 -0.006000
v 0.008463 0.014657 0.006000
v 0.008463 0.014657 -0.006000
v 0.011438 0.019810 0.006000
v 0.011438 0.019810 -0.006000
v 0.007684 0.015080 0.006000
v 0.007684 0.015080 -0.006000
v 0.010385 0.020382 0.006000
v 0.010385 0.020382 -0.006000
v 0.006884 0.015462 0.006000
v 0.006884 0.015462 -0.006000
v 0.009304 0.020897 0.006000
v 0.009304 0.020897 -0.006000
v 0.006065 0.015801 0.006000
v 0.006065 0.015801 -0.006000
v 0.008198 0.021356 0.006000
v 0.008198 0.021356 -0.006000
v 0.005230 0.016097 0.006000
v 0.005230 0.016097 -0.006000
v 0.007069 0.021755 0.006000
v 0.007069 0.021755 -0.006000
v 0.004381 0.016348 0.006000
v 0.004381 0.016348 -0.006000
v 0.005920 0.022096 0.006000
v 0.005920 0.022096 -0.006000
v 0.003519 0.016555 0.006000
v 0.003519 0.016555 -0.006000
v 0.004756 0.022375 0.006000
v 0.004756 0.022375 -0.006000
v 0.002648 0.016717 0.006000
v 0.002648 0.016717 -0.006000
v 0.003578 0.022593 0.006000
v 0.003578 0.022593 -0.006000
v 0.001769 0.016832 0.006000
v 0.001769 0.016832 -0.006000
v 0.002391 0.022750 0.006000
v 0.002391 0.022750 -0.006000
v 0.000886 0.016902 0.006000
v 0.000886 0.016902 -0.006000
v 0.001197 0.022844 0.006000
v 0.001197 0.022844 -0.006000
v 0.000000 0.016925 0.006000
v 0.000000 0.016925 -0.006000
v 0.000000 0.022875 0.006000
v 0.000000 0.022875 -0.006000
v -0.000886 0.016902 0.006000
v -0.000886 0.016902 -0.006000
v -0.001197 0.022844 0.006000
v -0.001197 0.022844 -0.006000
v -0.001769 0.016832 0.006000
v -0.001769 0.016832 -0.006000
v -0.002391 0.022750 0.006000
v -0.002391 0.022750 -0.006000
v -0.002648 0.016717 0.006000
v -0.002648 0.016717 -0.006000
v -0.003578 0.022593 0.006000
v -0.003578 0.022593 -0.006000
v -0.003519 0.016555 0.006000
v -0.003519 0.016555 -0.006000
v -0.004756 0.022375 0.006000
v -0.004756 0.022375 -0.006000
v -0.004381 0.016348 0.006000
v -0.004381 0.016348 -0.006000
v -0.005920 0.022096 0.006000
v -0.005920 0.022096 -0.006000
v -0.005230 0.016097 0.006000
v -0.005230 0.016097 -0.006000
v -0.007069 0.021755 0.006000
v -0.007069 0.021755 -0.006000
v -0.006065 0.015801 0.006000
v -0.006065 0.015801 -0.006000
v -0.008198 0.021356 0.006000
v -0.008198 0.021356 -0.006000
v -0.006884 0.015462 0.006000
v -0.006884 0.015462 -0.006000
v -0.009304 0.020897 0.006000
v -0.009304 0.020897 -0.006000
v -0.007684 0.015080 0.006000
v -0.007684 0.015080 -0.006000
v -0.010385 0.020382 0.006000
v -0.010385 0.020382 -0.006000
v -0.008462 0.014657 0.006000
v -0.008462 0.014657 -0.006000
v -0.011437 0.019810 0.006000
v -0.011437 0.019810 -0.006000
v -0.009218 0.014194 0.006000
v -0.009218 0.014194 -0.006000
v -0.012459 0.019185 0.006000
v -0.012459 0.019185 -0.006000
v -0.009948 0.013693 0.006000
v -0.009948 0.013693 -0.006000
v -0.013446 0.018506 0.006000
v -0.013446 0.018506 -0.006000
v -0.010651 0.013153 0.006000
v -0.010651 0.013153 -0.006000
v -0.014396 0.017777 0.006000
v -0.014396 0.017777 -0.006000
v -0.011325 0.012578 0.006000
v -0.011325 0.012578 -0.006000
v -0.015306 0.016999 0.006000
v -0.015306 0.016999 -0.006000
v -0.011968 0.011968 0.006000
v -0.011968 0.011968 -0.006000
v -0.016175 0.016175 0.006000
v -0.016175 0.016175 -0.006000
v -0.012578 0.011325 0.006000
v -0.012578 0.011325 -0.006000
v -0.016999 0.015306 0.006000
v -0.016999 0.015306 -0.006000
v -0.013153 0.010651 0.006000
v -0.013153 0.010651 -0.006000
v -0.017777 0.014396 0.006000
v -0.017777 0.014396 -0.006000
v -0.013693 0.009948 0.006000
v -0.013693 0.009948 -0.006000
v -0.018506 0.013446 0.006000
v -0.018506 0.013446 -0.006000
v -0.014194 0.009218 0.006000
v -0.014194 0.009218 -0.006000
v -0.019185 0.012459 0.006000
v -0.019185 0.012459 -0.006000
v -0.014657 0.008463 0.006000
v -0.014657 0.008463 -0.006000
v -0.019810 0.011438 0.006000
v -0.019810 0.011438 -0.006000
v -0.015080 0.007684 0.006000
v -0.015080 0.007684 -0.006000
v -0.020382 0.010385 0.006000
v -0.020382 0.010385 -0.006000
v -0.015462 0.006884 0.006000
v -0.015462 0.006884 -0.006000
v -0.020897 0.009304 0.006000
v -0.020897 0.009304 -0.006000
v -0.015801 0.006065 0.006000
v -0.015801 0.006065 -0.006000
v -0.021356 0.008198 0.006000
v -0.021356 0.008198 -0.006000
v -0.016097 0.005230 0.006000
v -0.016097 0.005230 -0.006000
v -0.021755 0.007069 0.006000
v -0.021755 0.007069 -0.006000
v -0.016348 0.004381 0.006000
v -0.016348 0.004381 -0.006000
v -0.022096 0.005920 0.006000
v -0.022096 0.005920 -0.006000
v -0.016555 0.003519 0.006000
v -0.016555 0.003519 -0.006000
v -0.022375 0.004756 0.006000
v -0.022375 0.004756 -0.006000
v -0.016717 0.002648 0.006000
v -0.016717 0.002648 -0.006000
v -0.022593 0.003578 0.006000
v -0.022593 0.003578 -0.006000
v -0.016832 0.001769 0.006000
v -0.016832 0.001769 -0.006000
v -0.022750 0.002391 0.006000
v -0.022750 0.002391 -0.006000
v -0.016902 0.000886 0.006000
v -0.016902 0.000886 -0.006000
v -0.022844 0.001197 0.006000
v -0.022844 0.001197 -0.006000
v -0.016925 0.000000 0.006000
v -0.016925 0.000000 -0.006000
v -0.022875 0.000000 0.006000
v -0.022875 0.000000 -0.006000
v -0.016902 -0.000886 0.006000
v -0.016902 -0.000886 -0.006000
v -0.022844 -0.001197 0.006000
v -0.022844 -0.001197 -0.006000
v -0.016832 -0.001769 0.006000
v -0.016832 -0.001769 -0.006000
v -0.022750 -0.002391 0.006000
v -0.022750 -0.002391 -0.006000
v -0.016717 -0.002648 0.006000
v -0.016717 -0.002648 -0.006000
v -0.022593 -0.003578 0.006000
v -0.022593 -0.003578 -0.006000
v -0.016555 -0.003519 0.006000
v -0.016555 -0.003519 -0.006000
v -0.022375 -0.004756 0.006000
v -0.022375 -0.004756 -0.006000
v -0.016348 -0.004381 0.006000
v -0.016348 -0.004381 -0.006000
v -0.022096 -0.005920 0.006000
v -0.022096 -0.005920 -0.006000
v -0.016097 -0.005230 0.006000
v -0.016097 -0.005230 -0.006000
v -0.021755 -0.007069 0.006000
v -0.021755 -0.007069 -0.006000
v -0.015801 -0.006065 0.006000
v -0.015801 -0.006065 -0.006000
v -0.021356 -0.008198 0.006000
v -0.021356 -0.008198 -0.006000
v -0.015462 -0.006884 0.006000
v -0.015462 -0.006884 -0.006000
v -0.020897 -0.009304 0.006000
v -0.020897 -0.009304 -0.006000
v -0.015080 -0.007684 0.006000
v -0.015080 -0.007684 -0.006000
v -0.020382 -0.010385 0.006000
v -0.020382 -0.010385 -0.006000
v -0.014657 -0.008462 0.006000
v -0.014657 -0.008462 -0.006000
v -0.019810 -0.011437 0.006000
v -0.019810 -0.011437 -0.006000
v -0.014194 -0.009218 0.006000
v -0.014194 -0.009218 -0.006000
v -0.019185 -0.012459 0.006000
v -0.019185 -0.012459 -0.006000
v -0.013693 -0.009948 0.006000
v -0.013693 -0.009948 -0.006000
v -0.018506 -0.013446 0.006000
v -0.018506 -0.013446 -0.006000
v -0.013153 -0.010651 0.006000
v -0.013153 -0.010651 -0.006000
v -0.017777 -0.014396 0.006000
v -0.017777 -0.014396 -0.006000
v -0.012578 -0.011325 0.006000
v -0.012578 -0.011325 -0.006000
v -0.016999 -0.015306 0.006000
v -0.016999 -0.015306 -0.006000
v -0.011968 -0.011968 0.006000
v -0.011968 -0.011968 -0.006000
v -0.016175 -0.016175 0.006000
v -0.016175 -0.016175 -0.006000
v -0.011325 -0.012578 0.006000
v -0.011325 -0.012578 -0.006000
v -0.015306 -0.016999 0.006000
v -0.015306 -0.016999 -0.006000
v -0.010651 -0.013153 0.006000
v -0.010651 -0.013153 -0.006000
v -0.014396 -0.017777 0.006000
v -0.014396 -0.017777 -0.006000
v -0.009948 -0.013693 0.006000
v -0.009948 -0.013693 -0.006000
v -0.013446 -0.018506 0.006000
v -0.013446 -0.018506 -0.006000
v -0.009218 -0.014194 0.006000
v -0.009218 -0.014194 -0.006000
v -0.012459 -0.019185 0.006000
v -0.012459 -0.019185 -0.006000
v -0.008463 -0.014657 0.006000
v -0.008463 -0.014657 -0.006000
v -0.011438 -0.019810 0.006000
v -0.011438 -0.019810 -0.006000
v -0.007684 -0.015080 0.006000
v -0.007684 -0.015080 -0.006000
v -0.010385 -0.020382 0.006000
v -0.010385 -0.020382 -0.006000
v -0.006884 -0.015462 0.006000
v -0.006884 -0.015462 -0.006000
v -0.009304 -0.020897 0.006000
v -0.009304 -0.020897 -0.006000
v -0.006065 -0.015801 0.006000
v -0.006065 -0.015801 -0.006000
v -0.008198 -0.021356 0.006000
v -0.008198 -0.021356 -0.006000
v -0.005230 -0.016097 0.006000
v -0.005230 -0.016097 -0.006000
v -0.007069 -0.021755 0.006000
v -0.007069 -0.021755 -0.006000
v -0.004381 -0.016348 0.006000
v -0.004381 -0.016348 -0.006000
v -0.005920 -0.022096 0.006000
v -0.005920 -0.022096 -0.006000
v -0.003519 -0.016555 0.006000
v -0.003519 -0.016555 -0.006000
v -0.004756 -0.022375 0.006000
v -0.004756 -0.022375 -0.006000
v -0.002648 -0.016717 0.006000
v -0.002648 -0.016717 -0.006000
v -0.003578 -0.022593 0.006000
v -0.003578 -0.022593 -0.006000
v -0.001769 -0.016832 0.006000
v -0.001769 -0.016832 -0.006000
v -0.002391 -0.022750 0.006000
v -0.002391 -0.022750 -0.006000
v -0.000886 -0.016902 0.006000
v -0.000886 -0.016902 -0.006000
v -0.001197 -0.022844 0.006000
v -0.001197 -0.022844 -0.006000
v -0.000000 -0.016925 0.006000
v -0.000000 -0.016925 -0.006000
v -0.000000 -0.022875 0.006000
v -0.000000 -0.022875 -0.006000
v 0.000886 -0.016902 0.006000
v 0.000886 -0.016902 -0.006000
v 0.001197 -0.022844 0.006000
v 0.001197 -0.022844 -0.006000
v 0.001769 -0.016832 0.006000
v 0.001769 -0.016832 -0.006000
v 0.002391 -0.022750 0.006000
v 0.002391 -0.022750 -0.006000
v 0.002648 -0.016717 0.006000
v 0.002648 -0.016717 -0.006000
v 0.003578 -0.022593 0.006000
v 0.003578 -0.022593 -0.006000
v 0.003519 -0.016555 0.006000
v 0.003519 -0.016555 -0.006000
v 0.004756 -0.022375 0.006000
v 0.004756 -0.022375 -0.006000
v 0.004381 -0.016348 0.006000
v 0.004381 -0.016348 -0.006000
v 0.005920 -0.022096 0.006000
v 0.005920 -0.022096 -0.006000
v 0.005230 -0.016097 0.006000
v 0.005230 -0.016097 -0.006000
v 0.007069 -0.021755 0.006000
v 0.007069 -0.021755 -0.006000
v 0.006065 -0.015801 0.006000
v 0.006065 -0.015801 -0.006000
v 0.008198 -0.021356 0.006000
v 0.008198 -0.021356 -0.006000
v 0.006884 -0.015462 0.006000
v 0.006884 -0.015462 -0.006000
v 0.009304 -0.020897 0.006000
v 0.009304 -0.020897 -0.006000
v 0.007684 -0.015080 0.006000
v 0.007684 -0.015080 -0.006000
v 0.010385 -0.020382 0.006000
v 0.010385 -0.020382 -0.006000
v 0.008462 -0.014657 0.006000
v 0.008462 -0.014657 -0.006000
v 0.011437 -0.019810 0.006000
v 0.011437 -0.019810 -0.006000
v 0.009218 -0.014194 0.006000
v 0.009218 -0.014194 -0.006000
v 0.012459 -0.019185 0.006000
v 0.012459 -0.019185 -0.006000
v 0.009948 -0.013693 0.006000
v 0.009948 -0.013693 -0.006000
v 0.013446 -0.018506 0.006000
v 0.013446 -0.018506 -0.006000
v 0.010651 -0.013153 0.006000
v 0.010651 -0.013153 -0.006000
v 0.014396 -0.017777 0.006000
v 0.014396 -0.017777 -0.006000
v 0.011325 -0.012578 0.006000
v 0.011325 -0.012578 -0.006000
v 0.015306 -0.016999 0.006000
v 0.015306 -0.016999 -0.006000
v 0.011968 -0.011968 0.006000
v 0.011968 -0.011968 -0.006000
v 0.016175 -0.016175 0.006000
v 0.016175 -0.016175 -0.006000
v 0.012578 -0.011325 0.006000
v 0.012578 -0.011325 -0.006000
v 0.016999 -0.015306 0.006000
v 0.016999 -0.015306 -0.006000
v 0.013153 -0.010651 0.006000
v 0.013153 -0.010651 -0.006000
v 0.017777 -0.014396 0.006000
v 0.017777 -0.014396 -0.006000
v 0.013693 -0.009948 0.006000
v 0.013693 -0.009948 -0.006000
v 0.018506 -0.013446 0.006000
v 0.018506 -0.013446 -0.006000
v 0.014194 -0.009218 0.006000
v 0.014194 -0.009218 -0.006000
v 0.019185 -0.012459 0.006000
v 0.019185 -0.012459 -0.006000
v 0.014657 -0.008463 0.006000
v 0.014657 -0.008463 -0.006000
v 0.019810 -0.011438 0.006000
v 0.019810 -0.011438 -0.006000
v 0.015080 -0.007684 0.006000
v 0.015080 -0.007684 -0.006000
v 0.020382 -0.010385 0.006000
v 0.020382 -0.010385 -0.006000
v 0.015462 -0.006884 0.006000
v 0.015462 -0.006884 -0.006000
v 0.020897 -0.009304 0.006000
v 0.020897 -0.009304 -0.006000
v 0.015801 -0.006065 0.006000
v 0.015801 -0.006065 -0.006000
v 0.021356 -0.008198 0.006000
v 0.021356 -0.008198 -0.006000
v 0.016097 -0.005230 0.006000
v 0.016097 -0.005230 -0.006000
v 0.021755 -0.007069 0.006000
v 0.021755 -0.007069 -0.006000
v 0.016348 -0.004381 0.006000
v 0.016348 -0.004381 -0.006000
v 0.022096 -0.005920 0.006000
v 0.022096 -0.005920 -0.006000
v 0.016555 -0.003519 0.006000
v 0.016555 -0.003519 -0.006000
v 0.022375 -0.004756 0.006000
v 0.022375 -0.004756 -0.006000
v 0.016717 -0.002648 0.006000
v 0.016717 -0.002648 -0.006000
v 0.022593 -0.003578 0.006000
v 0.022593 -0.003578 -0.006000
v 0.016832 -0.001769 0.006000
v 0.016832 -0.001769 -0.006000
v 0.022750 -0.002391 0.006000
v 0.022750 -0.002391 -0.006000
v 0.016902 -0.000886 0.006000
v 0.016902 -0.000886 -0.006000
v 0.022844 -0.001197 0.006000
v 0.022844 -0.001197 -0.006000
v 0.010550 0.000000 0.006000
v 0.010550 0.000000 -0.006000
v 0.016500 0.000000 0.006000
v 0.016500 0.000000 -0.006000
v 0.010536 0.000552 0.006000
v 0.010536 0.000552 -0.006000
v 0.016477 0.000864 0.006000
v 0.016477 0.000864 -0.006000
v 0.010492 0.001103 0.006000
v 0.010492 0.001103 -0.006000
v 0.016410 0.001725 0.006000
v 0.016410 0.001725 -0.006000
v 0.010420 0.001650 0.006000
v 0.010420 0.001650 -0.006000
v 0.016297 0.002581 0.006000
v 0.016297 0.002581 -0.006000
v 0.010319 0.002193 0.006000
v 0.010319 0.002193 -0.006000
v 0.016139 0.003431 0.006000
v 0.016139 0.003431 -0.006000
v 0.010191 0.002731 0.006000
v 0.010191 0.002731 -0.006000
v 0.015938 0.004271 0.006000
v 0.015938 0.004271 -0.006000
v 0.010034 0.003260 0.006000
v 0.010034 0.003260 -0.006000
v 0.015692 0.005099 0.006000
v 0.015692 0.005099 -0.006000
v 0.009849 0.003781 0.006000
v 0.009849 0.003781 -0.006000
v 0.015404 0.005913 0.006000
v 0.015404 0.005913 -0.006000
v 0.009638 0.004291 0.006000
v 0.009638 0.004291 -0.006000
v 0.015074 0.006711 0.006000
v 0.015074 0.006711 -0.006000
v 0.009400 0.004790 0.006000
v 0.009400 0.004790 -0.006000
v 0.014702 0.007491 0.006000
v 0.014702 0.007491 -0.006000
v 0.009137 0.005275 0.006000
v 0.009137 0.005275 -0.006000
v 0.014289 0.008250 0.006000
v 0.014289 0.008250 -0.006000
v 0.008848 0.005746 0.006000
v 0.008848 0.005746 -0.006000
v 0.013838 0.008987 0.006000
v 0.013838 0.008987 -0.006000
v 0.008535 0.006201 0.006000
v 0.008535 0.006201 -0.006000
v 0.013349 0.009698 0.006000
v 0.013349 0.009698 -0.006000
v 0.008199 0.006639 0.006000
v 0.008199 0.006639 -0.006000
v 0.012823 0.010384 0.006000
v 0.012823 0.010384 -0.006000
v 0.007840 0.007059 0.006000
v 0.007840 0.007059 -0.006000
v 0.012262 0.011041 0.006000
v 0.012262 0.011041 -0.006000
v 0.007460 0.007460 0.006000
v 0.007460 0.007460 -0.006000
v 0.011667 0.011667 0.006000
v 0.011667 0.011667 -0.006000
v 0.007059 0.007840 0.006000
v 0.007059 0.007840 -0.006000
v 0.011041 0.012262 0.006000
v 0.011041 0.012262 -0.006000
v 0.006639 0.008199 0.006000
v 0.006639 0.008199 -0.006000
v 0.010384 0.012823 0.006000
v 0.010384 0.012823 -0.006000
v 0.006201 0.008535 0.006000
v 0.006201 0.008535 -0.006000
v 0.009698 0.013349 0.006000
v 0.009698 0.013349 -0.006000
v 0.005746 0.008848 0.006000
v 0.005746 0.008848 -0.006000
v 0.008987 0.013838 0.006000
v 0.008987 0.013838 -0.006000
v 0.005275 0.009137 0.006000
v 0.005275 0.009137 -0.006000
v 0.008250 0.014289 0.006000
v 0.008250 0.014289 -0.006000
v 0.004790 0.009400 0.006000
v 0.004790 0.009400 -0.006000
v 0.007491 0.014702 0.006000
v 0.007491 0.014702 -0.006000
v 0.004291 0.009638 0.006000
v 0.004291 0.009638 -0.006000
v 0.006711 0.015074 0.006000
v 0.006711 0.015074 -0.006000
v 0.003781 0.009849 0.006000
v 0.003781 0.009849 -0.006000
v 0.005913 0.015404 0.006000
v 0.005913 0.015404 -0.006000
v 0.003260 0.010034 0.006000
v 0.003260 0.010034 -0.006000
v 0.005099 0.015692 0.006000
v 0.005099 0.015692 -0.006000
v 0.002731 0.010191 0.006000
v 0.002731 0.010191 -0.006000
v 0.004271 0.015938 0.006000
v 0.004271 0.015938 -0.006000
v 0.002193 0.010319 0.006000
v 0.002193 0.010319 -0.006000
v 0.003431 0.016139 0.006000
v 0.003431 0.016139 -0.006000
v 0.001650 0.010420 0.006000
v 0.001650 0.010420 -0.006000
v 0.002581 0.016297 0.006000
v 0.002581 0.016297 -0.006000
v 0.001103 0.010492 0.006000
v 0.001103 0.010492 -0.006000
v 0.001725 0.016410 0.006000
v 0.001725 0.016410 -0.006000
v 0.000552 0.010536 0.006000
v 0.000552 0.010536 -0.006000
v 0.000864 0.016477 0.006000
v 0.000864 0.016477 -0.006000
v 0.000000 0.010550 0.006000
v 0.000000 0.010550 -0.006000
v 0.000000 0.016500 0.006000
v 0.000000 0.016500 -0.006000
v -0.000552 0.010536 0.006000
v -0.000552 0.010536 -0.006000
v -0.000864 0.016477 0.006000
v -0.000864 0.016477 -0.006000
v -0.001103 0.010492 0.006000
v -0.001103 0.010492 -0.006000
v -0.001725 0.016410 0.006000
v -0.001725 0.016410 -0.006000
v -0.001650 0.010420 0.006000
v -0.001650 0.010420 -0.006000
v -0.002581 0.016297 0.006000
v -0.002581 0.016297 -0.006000
v -0.002193 0.010319 0.006000
v -0.002193 0.010319 -0.006000
v -0.003431 0.016139 0.006000
v -0.003431 0.016139 -0.006000
v -0.002731 0.010191 0.006000
v -0.002731 0.010191 -0.006000
v -0.004271 0.015938 0.006000
v -0.004271 0.015938 -0.006000
v -0.003260 0.010034 0.006000
v -0.003260 0.010034 -0.006000
v -0.005099 0.015692 0.006000
v -0.005099 0.015692 -0.006000
v -0.003781 0.009849 0.006000
v -0.003781 0.009849 -0.006000
v -0.005913 0.015404 0.006000
v -0.005913 0.015404 -0.006000
v -0.004291 0.009638 0.006000
v -0.004291 0.009638 -0.006000
v -0.006711 0.015074 0.006000
v -0.006711 0.015074 -0.006000
v -0.004790 0.009400 0.006000
v -0.004790 0.009400 -0.006000
v -0.007491 0.014702 0.006000
v -0.007491 0.014702 -0.006000
v -0.005275 0.009137 0.006000
v -0.005275 0.009137 -0.006000
v -0.008250 0.014289 0.006000
v -0.008250 0.014289 -0.006000
v -0.005746 0.008848 0.006000
v -0.005746 0.008848 -0.006000
v -0.008987 0.013838 0.006000
v -0.008987 0.013838 -0.006000
v -0.006201 0.008535 0.006000
v -0.006201 0.008535 -0.006000
v -0.009698 0.013349 0.006000
v -0.009698 0.013349 -0.006000
v -0.006639 0.008199 0.006000
v -0.006639 0.008199 -0.006000
v -0.010384 0.012823 0.006000
v -0.010384 0.012823 -0.006000
v -0.007059 0.007840 0.006000
v -0.007059 0.007840 -0.006000
v -0.011041 0.012262 0.006000
v -0.011041 0.012262 -0.006000
v -0.007460 0.007460 0.006000
v -0.007460 0.007460 -0.006000
v -0.011667 0.011667 0.006000
v -0.011667 0.011667 -0.006000
v -0.007840 0.007059 0.006000
v -0.007840 0.007059 -0.006000
v -0.012262 0.011041 0.006000
v -0.012262 0.011041 -0.006000
v -0.008199 0.006639 0.006000
v -0.008199 0.006639 -0.006000
v -0.012823 0.010384 0.006000
v -0.012823 0.010384 -0.006000
v -0.008535 0.006201 0.006000
v -0.008535 0.006201 -0.006000
v -0.013349 0.009698 0.006000
v -0.013349 0.009698 -0.006000
v -0.008848 0.005746 0.006000
v -0.008848 0.005746 -0.006000
v -0.013838 0.008987 0.006000
v -0.013838 0.008987 -0.006000
v -0.009137 0.005275 0.006000
v -0.009137 0.005275 -0.006000
v -0.014289 0.008250 0.006000
v -0.014289 0.008250 -0.006000
v -0.009400 0.004790 0.006000
v -0.009400 0.004790 -0.006000
v -0.014702 0.007491 0.006000
v -0.014702 0.007491 -0.006000
v -0.009638 0.004291 0.006000
v -0.009638 0.004291 -0.006000
v -0.015074 0.006711 0.006000
v -0.015074 0.006711 -0.006000
v -0.009849 0.003781 0.006000
v -0.009849 0.003781 -0.006000
v -0.015404 0.005913 0.006000
v -0.015404 0.005913 -0.006000
v -0.010034 0.003260 0.006000
v -0.010034 0.003260 -0.006000
v -0.015692 0.005099 0.006000
v -0.015692 0.005099 -0.006000
v -0.010191 0.002731 0.006000
v -0.010191 0.002731 -0.006000
v -0.015938 0.004271 0.006000
v -0.015938 0.004271 -0.006000
v -0.010319 0.002193 0.006000
v -0.010319 0.002193 -0.006000
v -0.016139 0.003431 0.006000
v -0.016139 0.003431 -0.006000
v -0.010420 0.001650 0.006000
v -0.010420 0.001650 -0.006000
v -0.016297 0.002581 0.006000
v -0.016297 0.002581 -0.006000
v -0.010492 0.001103 0.006000
v -0.010492 0.001103 -0.006000
v -0.016410 0.001725 0.006000
v -0.016410 0.001725 -0.006000
v -0.010536 0.000552 0.006000
v -0.010536 0.000552 -0.006000
v -0.016477 0.000864 0.006000
v -0.016477 0.000864 -0.006000
v -0.010550 0.000000 0.006000
v -0.010550 0.000000 -0.006000
v -0.016500 0.000000 0.006000
v -0.016500 0.000000 -0.006000
v -0.010536 -0.000552 0.006000
v -0.010536 -0.000552 -0.006000
v -0.016477 -0.000864 0.006000
v -0.016477 -0.000864 -0.006000
v -0.010492 -0.001103 0.006000
v -0.010492 -0.001103 -0.006000
v -0.016410 -0.001725 0.006000
v -0.016410 -0.001725 -0.006000
v -0.010420 -0.001650 0.006000
v -0.010420 -0.001650 -0.006000
v -0.016297 -0.002581 0.006000
v -0.016297 -0.002581 -0.006000
v -0.010319 -0.002193 0.006000
v -0.010319 -0.002193 -0.006000
v -0.016139 -0.003431 0.006000
v -0.016139 -0.003431 -0.006000
v -0.010191 -0.002731 0.006000
v -0.010191 -0.002731 -0.006000
v -0.015938 -0.004271 0.006000
v -0.015938 -0.004271 -0.006000
v -0.010034 -0.003260 0.006000
v -0.010034 -0.003260 -0.006000
v -0.015692 -0.005099 0.006000
v -0.015692 -0.005099 -0.006000
v -0.009849 -0.003781 0.006000
v -0.009849 -0.003781 -0.006000
v -0.015404 -0.005913 0.006000
v -0.015404 -0.005913 -0.006000
v -0.009638 -0.004291 0.006000
v -0.009638 -0.004291 -0.006000
v -0.015074 -0.006711 0.006000
v -0.015074 -0.006711 -0.006000
v -0.009400 -0.004790 0.006000
v -0.009400 -0.004790 -0.006000
v -0.014702 -0.007491 0.006000
v -0.014702 -0.007491 -0.006000
v -0.009137 -0.005275 0.006000
v -0.009137 -0.005275 -0.006000
v -0.014289 -0.008250 0.006000
v -0.014289 -0.008250 -0.006000
v -0.008848 -0.005746 0.006000
v -0.008848 -0.005746 -0.006000
v -0.013838 -0.008987 0.006000
v -0.013838 -0.008987 -0.006000
v -0.008535 -0.006201 0.006000
v -0.008535 -0.006201 -0.006000
v -0.013349 -0.009698 0.006000
v -0.013349 -0.009698 -0.006000
v -0.008199 -0.006639 0.006000
v -0.008199 -0.006639 -0.006000
v -0.012823 -0.010384 0.006000
v -0.012823 -0.010384 -0.006000
v -0.007840 -0.007059 0.006000
v -0.007840 -0.007059 -0.006000
v -0.012262 -0.011041 0.006000
v -0.012262 -0.011041 -0.006000
v -0.007460 -0.007460 0.006000
v -0.007460 -0.007460 -0.006000
v -0.011667 -0.011667 0.006000
v -0.011667 -0.011667 -0.006000
v -0.007059 -0.007840 0.006000
v -0.007059 -0.007840 -0.006000
v -0.011041 -0.012262 0.006000
v -0.011041 -0.012262 -0.006000
v -0.006639 -0.008199 0.006000
v -0.006639 -0.008199 -0.006000
v -0.010384 -0.012823 0.006000
v -0.010384 -0.012823 -0.006000
v -0.006201 -0.008535 0.006000
v -0.006201 -0.008535 -0.006000
v -0.009698 -0.013349 0.006000
v -0.009698 -0.013349 -0.006000
v -0.005746 -0.008848 0.006000
v -0.005746 -0.008848 -0.006000
v -0.008987 -0.013838 0.006000
v -0.008987 -0.013838 -0.006000
v -0.005275 -0.009137 0.006000
v -0.005275 -0.009137 -0.006000
v -0.008250 -0.014289 0.006000
v -0.008250 -0.014289 -0.006000
v -0.004790 -0.009400 0.006000
v -0.004790 -0.009400 -0.006000
v -0.007491 -0.014702 0.006000
v -0.007491 -0.014702 -0.006000
v -0.004291 -0.009638 0.006000
v -0.004291 -0.009638 -0.006000
v -0.006711 -0.015074 0.006000
v -0.006711 -0.015074 -0.006000
v -0.003781 -0.009849 0.006000
v -0.003781 -0.009849 -0.006000
v -0.005913 -0.015404 0.006000
v -0.005913 -0.015404 -0.006000
v -0.003260 -0.010034 0.006000
v -0.003260 -0.010034 -0.006000
v -0.005099 -0.015692 0.006000
v -0.005099 -0.015692 -0.006000
v -0.002731 -0.010191 0.006000
v -0.002731 -0.010191 -0.006000
v -0.004271 -0.015938 0.006000
v -0.004271 -0.015938 -0.006000
v -0.002193 -0.010319 0.006000
v -0.002193 -0.010319 -0.006000
v -0.003431 -0.016139 0.006000
v -0.003431 -0.016139 -0.006000
v -0.001650 -0.010420 0.006000
v -0.001650 -0.010420 -0.006000
v -0.002581 -0.016297 0.006000
v -0.002581 -0.016297 -0.006000
v -0.001103 -0.010492 0.006000
v -0.001103 -0.010492 -0.006000
v -0.001725 -0.016410 0.006000
v -0.001725 -0.016410 -0.006000
v -0.000552 -0.010536 0.006000
v -0.000552 -0.010536 -0.006000
v -0.000864 -0.016477 0.006000
v -0.000864 -0.016477 -0.006000
v -0.000000 -0.010550 0.006000
v -0.000000 -0.010550 -0.006000
v -0.000000 -0.016500 0.006000
v -0.000000 -0.016500 -0.006000
v 0.000552 -0.010536 0.006000
v 0.000552 -0.010536 -0.006000
v 0.000864 -0.016477 0.006000
v 0.000864 -0.016477 -0.006000
v 0.001103 -0.010492 0.006000
v 0.001103 -0.010492 -0.006000
v 0.001725 -0.016410 0.006000
v 0.001725 -0.016410 -0.006000
v 0.001650 -0.010420 0.006000
v 0.001650 -0.010420 -0.006000
v 0.002581 -0.016297 0.006000
v 0.002581 -0.016297 -0.006000
v 0.002193 -0.010319 0.006000
v 0.002193 -0.010319 -0.006000
v 0.003431 -0.016139 0.006000
v 0.003431 -0.016139 -0.006000
v 0.002731 -0.010191 0.006000
v 0.002731 -0.010191 -0.006000
v 0.004271 -0.015938 0.006000
v 0.004271 -0.015938 -0.006000
v 0.003260 -0.010034 0.006000
v 0.003260 -0.010034 -0.006000
v 0.005099 -0.015692 0.006000
v 0.005099 -0.015692 -0.006000
v 0.003781 -0.009849 0.006000
v 0.003781 -0.009849 -0.006000
v 0.005913 -0.015404 0.006000
v 0.005913 -0.015404 -0.006000
v 0.004291 -0.009638 0.006000
v 0.004291 -0.009638 -0.006000
v 0.006711 -0.015074 0.006000
v 0.006711 -0.015074 -0.006000
v 0.004790 -0.009400 0.006000
v 0.004790 -0.009400 -0.006000
v 0.007491 -0.014702 0.006000
v 0.007491 -0.014702 -0.006000
v 0.005275 -0.009137 0.006000
v 0.005275 -0.009137 -0.006000
v 0.008250 -0.014289 0.006000
v 0.008250 -0.014289 -0.006000
v 0.005746 -0.008848 0.006000
v 0.005746 -0.008848 -0.006000
v 0.008987 -0.013838 0.006000
v 0.008987 -0.013838 -0.006000
v 0.006201 -0.008535 0.006000
v 0.006201 -0.008535 -0.006000
v 0.009698 -0.013349 0.006000
v 0.009698 -0.013349 -0.006000
v 0.006639 -0.008199 0.006000
v 0.006639 -0.008199 -0.006000
v 0.010384 -0.012823 0.006000
v 0.010384 -0.012823 -0.006000
v 0.007059 -0.007840 0.006000
v 0.007059 -0.007840 -0.006000
v 0.011041 -0.012262 0.006000
v 0.011041 -0.012262 -0.006000
v 0.007460 -0.007460 0.006000
v 0.007460 -0.007460 -0.006000
v 0.011667 -0.011667 0.006000
v 0.011667 -0.011667 -0.006000
v 0.007840 -0.007059 0.006000
v 0.007840 -0.007059 -0.006000
v 0.012262 -0.011041 0.006000
v 0.012262 -0.011041 -0.006000
v 0.008199 -0.006639 0.006000
v 0.008199 -0.006639 -0.006000
v 0.012823 -0.010384 0.006000
v 0.012823 -0.010384 -0.006000
v 0.008535 -0.006201 0.006000
v 0.008535 -0.006201 -0.006000
v 0.013349 -0.009698 0.006000
v 0.013349 -0.009698 -0.006000
v 0.008848 -0.005746 0.006000
v 0.008848 -0.005746 -0.006000
v 0.013838 -0.008987 0.006000
v 0.013838 -0.008987 -0.006000
v 0.009137 -0.005275 0.006000
v 0.009137 -0.005275 -0.006000
v 0.014289 -0.008250 0.006000
v 0.014289 -0.008250 -0.006000
v 0.009400 -0.004790 0.006000
v 0.009400 -0.004790 -0.006000
v 0.014702 -0.007491 0.006000
v 0.014702 -0.007491 -0.006000
v 0.009638 -0.004291 0.006000
v 0.009638 -0.004291 -0.006000
v 0.015074 -0.006711 0.006000
v 0.015074 -0.006711 -0.006000
v 0.009849 -0.003781 0.006000
v 0.009849 -0.003781 -0.006000
v 0.015404 -0.005913 0.006000
v 0.015404 -0.005913 -0.006000
v 0.010034 -0.003260 0.006000
v 0.010034 -0.003260 -0.006000
v 0.015692 -0.005099 0.006000
v 0.015692 -0.005099 -0.006000
v 0.010191 -0.002731 0.006000
v 0.010191 -0.002731 -0.006000
v 0.015938 -0.004271 0.006000
v 0.015938 -0.004271 -0.006000
v 0.010319 -0.002193 0.006000
v 0.010319 -0.002193 -0.006000
v 0.016139 -0.003431 0.006000
v 0.016139 -0.003431 -0.006000
v 0.010420 -0.001650 0.006000
v 0.010420 -0.001650 -0.006000
v 0.016297 -0.002581 0.006000
v 0.016297 -0.002581 -0.006000
v 0.010492 -0.001103 0.006000
v 0.010492 -0.001103 -0.006000
v 0.016410 -0.001725 0.006000
v 0.016410 -0.001725 -0.006000
v 0.010536 -0.000552 0.006000
v 0.010536 -0.000552 -0.006000
v 0.016477 -0.000864 0.006000
v 0.016477 -0.000864 -0.006000
v 0.016712 0.000000 0.000074
v 0.016769 0.000000 0.000069
v 0.016753 0.000040 0.000069
v 0.016712 0.000057 0.000069
v 0.016672 0.000040 0.000069
v 0.016656 0.000000 0.000069
v 0.016672 -0.000040 0.000069
v 0.016712 -0.000057 0.000069
v 0.016753 -0.000040 0.000069
v 0.016818 0.000000 0.000053
v 0.016787 0.000074 0.000053
v 0.016712 0.000105 0.000053
v 0.016638 0.000074 0.000053
v 0.016607 0.000000 0.000053
v 0.016638 -0.000074 0.000053
v 0.016712 -0.000105 0.000053
v 0.016787 -0.000074 0.000053
v 0.016850 0.000000 0.000028
v 0.016810 0.000097 0.000028
v 0.016712 0.000137 0.000028
v 0.016615 0.000097 0.000028
v 0.016575 0.000000 0.000028
v 0.016615 -0.000097 0.000028
v 0.016712 -0.000137 0.000028
v 0.016810 -0.000097 0.000028
v 0.016861 0.000000 0.000000
v 0.016818 0.000105 0.000000
v 0.016712 0.000149 0.000000
v 0.016607 0.000105 0.000000
v 0.016564 0.000000 0.000000
v 0.016607 -0.000105 0.000000
v 0.016712 -0.000149 0.000000
v 0.016818 -0.000105 0.000000
v 0.016850 0.000000 -0.000028
v 0.016810 0.000097 -0.000028
v 0.016712 0.000137 -0.000028
v 0.016615 0.000097 -0.000028
v 0.016575 0.000000 -0.000028
v 0.016615 -0.000097 -0.000028
v 0.016712 -0.000137 -0.000028
v 0.016810 -0.000097 -0.000028
v 0.016818 0.000000 -0.000053
v 0.016787 0.000074 -0.000053
v 0.016712 0.000105 -0.000053
v 0.016638 0.000074 -0.000053
v 0.016607 0.000000 -0.000053
v 0.016638 -0.000074 -0.000053
v 0.016712 -0.000105 -0.000053
v 0.016787 -0.000074 -0.000053
v 0.016769 0.000000 -0.000069
v 0.016753 0.000040 -0.000069
v 0.016712 0.000057 -0.000069
v 0.016672 0.000040 -0.000069
v 0.016656 0.000000 -0.000069
v 0.016672 -0.000040 -0.000069
v 0.016712 -0.000057 -0.000069
v 0.016753 -0.000040 -0.000069
v 0.016712 0.000000 -0.000074
v 0.011818 0.011818 0.000074
v 0.011874 0.011818 0.000069
v 0.011858 0.011858 0.000069
v 0.011818 0.011874 0.000069
v 0.011777 0.011858 0.000069
v 0.011761 0.011818 0.000069
v 0.011777 0.011777 0.000069
v 0.011818 0.011761 0.000069
v 0.011858 0.011777 0.000069
v 0.011923 0.011818 0.000053
v 0.011892 0.011892 0.000053
v 0.011818 0.011923 0.000053
v 0.011743 0.011892 0.000053
v 0.011712 0.011818 0.000053
v 0.011743 0.011743 0.000053
v 0.011818 0.011712 0.000053
v 0.011892 0.011743 0.000053
v 0.011955 0.011818 0.000028
v 0.011915 0.011915 0.000028
v 0.011818 0.011955 0.000028
v 0.011720 0.011915 0.000028
v 0.011680 0.011818 0.000028
v 0.011720 0.011720 0.000028
v 0.011818 0.011680 0.000028
v 0.011915 0.011720 0.000028
v 0.011966 0.011818 0.000000
v 0.011923 0.011923 0.000000
v 0.011818 0.011966 0.000000
v 0.011712 0.011923 0.000000
v 0.011669 0.011818 0.000000
v 0.011712 0.011712 0.000000
v 0.011818 0.011669 0.000000
v 0.011923 0.011712 0.000000
v 0.011955 0.011818 -0.000028
v 0.011915 0.011915 -0.000028
v 0.011818 0.011955 -0.000028
v 0.011720 0.011915 -0.000028
v 0.011680 0.011818 -0.000028
v 0.011720 0.011720 -0.000028
v 0.011818 0.011680 -0.000028
v 0.011915 0.011720 -0.000028
v 0.011923 0.011818 -0.000053
v 0.011892 0.011892 -0.000053
v 0.011818 0.011923 -0.000053
v 0.011743 0.011892 -0.000053
v 0.011712 0.011818 -0.000053
v 0.011743 0.011743 -0.000053
v 0.011818 0.011712 -0.000053
v 0.011892 0.011743 -0.000053
v 0.011874 0.011818 -0.000069
v 0.011858 0.011858 -0.000069
v 0.011818 0.011874 -0.000069
v 0.011777 0.011858 -0.000069
v 0.011761 0.011818 -0.000069
v 0.011777 0.011777 -0.000069
v 0.011818 0.011761 -0.000069
v 0.011858 0.011777 -0.000069
v 0.011818 0.011818 -0.000074
v 0.000000 0.016712 0.000074
v 0.000057 0.016712 0.000069
v 0.000040 0.016753 0.000069
v 0.000000 0.016769 0.000069
v -0.000040 0.016753 0.000069
v -0.000057 0.016712 0.000069
v -0.000040 0.016672 0.000069
v 0.000000 0.016656 0.000069
v 0.000040 0.016672 0.000069
v 0.000105 0.016712 0.000053
v 0.000074 0.016787 0.000053
v 0.000000 0.016818 0.000053
v -0.000074 0.016787 0.000053
v -0.000105 0.016712 0.000053
v -0.000074 0.016638 0.000053
v 0.000000 0.016607 0.000053
v 0.000074 0.016638 0.000053
v 0.000137 0.016712 0.000028
v 0.000097 0.016810 0.000028
v 0.000000 0.016850 0.000028
v -0.000097 0.016810 0.000028
v -0.000137 0.016712 0.000028
v -0.000097 0.016615 0.000028
v 0.000000 0.016575 0.000028
v 0.000097 0.016615 0.000028
v 0.000149 0.016712 0.000000
v 0.000105 0.016818 0.000000
v 0.000000 0.016861 0.000000
v -0.000105 0.016818 0.000000
v -0.000149 0.016712 0.000000
v -0.000105 0.016607 0.000000
v 0.000000 0.016564 0.000000
v 0.000105 0.016607 0.000000
v 0.000137 0.016712 -0.000028
v 0.000097 0.016810 -0.000028
v 0.000000 0.016850 -0.000028
v -0.000097 0.016810 -0.000028
v -0.000137 0.016712 -0.000028
v -0.000097 0.016615 -0.000028
v 0.000000 0.016575 -0.000028
v 0.000097 0.016615 -0.000028
v 0.000105 0.016712 -0.000053
v 0.000074 0.016787 -0.000053
v 0.000000 0.016818 -0.000053
v -0.000074 0.016787 -0.000053
v -0.000105 0.016712 -0.000053
v -0.000074 0.016638 -0.000053
v 0.000000 0.016607 -0.000053
v 0.000074 0.016638 -0.000053
v 0.000057 0.016712 -0.000069
v 0.000040 0.016753 -0.000069
v 0.000000 0.016769 -0.000069
v -0.000040 0.016753 -0.000069
v -0.000057 0.016712 -0.000069
v -0.000040 0.016672 -0.000069
v 0.000000 0.016656 -0.000069
v 0.000040 0.016672 -0.000069
v 0.000000 0.016712 -0.000074
v -0.011818 0.011818 0.000074
v -0.011761 0.011818 0.000069
v -0.011777 0.011858 0.000069
v -0.011818 0.011874 0.000069
v -0.011858 0.011858 0.000069
v -0.011874 0.011818 0.000069
v -0.011858 0.011777 0.000069
v -0.011818 0.011761 0.000069
v -0.011777 0.011777 0.000069
v -0.011712 0.011818 0.000053
v -0.011743 0.011892 0.000053
v -0.011818 0.011923 0.000053
v -0.011892 0.011892 0.000053
v -0.011923 0.011818 0.000053
v -0.011892 0.011743 0.000053
v -0.011818 0.011712 0.000053
v -0.011743 0.011743 0.000053
v -0.011680 0.011818 0.000028
v -0.011720 0.011915 0.000028
v -0.011818 0.011955 0.000028
v -0.011915 0.011915 0.000028
v -0.011955 0.011818 0.000028
v -0.011915 0.011720 0.000028
v -0.011818 0.011680 0.000028
v -0.011720 0.011720 0.000028
v -0.011669 0.011818 0.000000
v -0.011712 0.011923 0.000000
v -0.011818 0.011966 0.000000
v -0.011923 0.011923 0.000000
v -0.011966 0.011818 0.000000
v -0.011923 0.011712 0.000000
v -0.011818 0.011669 0.000000
v -0.011712 0.011712 0.000000
v -0.011680 0.011818 -0.000028
v -0.011720 0.011915 -0.000028
v -0.011818 0.011955 -0.000028
v -0.011915 0.011915 -0.000028
v -0.011955 0.011818 -0.000028
v -0.011915 0.011720 -0.000028
v -0.011818 0.011680 -0.000028
v -0.011720 0.011720 -0.000028
v -0.011712 0.011818 -0.000053
v -0.011743 0.011892 -0.000053
v -0.011818 0.011923 -0.000053
v -0.011892 0.011892 -0.000053
v -0.011923 0.011818 -0.000053
v -0.011892 0.011743 -0.000053
v -0.011818 0.011712 -0.000053
v -0.011743 0.011743 -0.000053
v -0.011761 0.011818 -0.000069
v -0.011777 0.011858 -0.000069
v -0.011818 0.011874 -0.000069
v -0.011858 0.011858 -0.000069
v -0.011874 0.011818 -0.000069
v -0.011858 0.011777 -0.000069
v -0.011818 0.011761 -0.000069
v -0.011777 0.011777 -0.000069
v -0.011818 0.011818 -0.000074
v -0.016712 0.000000 0.000074
v -0.016656 0.000000 0.000069
v -0.016672 0.000040 0.000069
v -0.016712 0.000057 0.000069
v -0.016753 0.000040 0.000069
v -0.016769 0.000000 0.000069
v -0.016753 -0.000040 0.000069
v -0.016712 -0.000057 0.000069
v -0.016672 -0.000040 0.000069
v -0.016607 0.000000 0.000053
v -0.016638 0.000074 0.000053
v -0.016712 0.000105 0.000053
v -0.016787 0.000074 0.000053
v -0.016818 0.000000 0.000053
v -0.016787 -0.000074 0.000053
v -0.016712 -0.000105 0.000053
v -0.016638 -0.000074 0.000053
v -0.016575 0.000000 0.000028
v -0.016615 0.000097 0.000028
v -0.016712 0.000137 0.000028
v -0.016810 0.000097 0.000028
v -0.016850 0.000000 0.000028
v -0.016810 -0.000097 0.000028
v -0.016712 -0.000137 0.000028
v -0.016615 -0.000097 0.000028
v -0.016564 0.000000 0.000000
v -0.016607 0.000105 0.000000
v -0.016712 0.000149 0.000000
v -0.016818 0.000105 0.000000
v -0.016861 0.000000 0.000000
v -0.016818 -0.000105 0.000000
v -0.016712 -0.000149 0.000000
v -0.016607 -0.000105 0.000000
v -0.016575 0.000000 -0.000028
v -0.016615 0.000097 -0.000028
v -0.016712 0.000137 -0.000028
v -0.016810 0.000097 -0.000028
v -0.016850 0.000000 -0.000028
v -0.016810 -0.000097 -0.000028
v -0.016712 -0.000137 -0.000028
v -0.016615 -0.000097 -0.000028
v -0.016607 0.000000 -0.000053
v -0.016638 0.000074 -0.000053
v -0.016712 0.000105 -0.000053
v -0.016787 0.000074 -0.000053
v -0.016818 0.000000 -0.000053
v -0.016787 -0.000074 -0.000053
v -0.016712 -0.000105 -0.000053
v -0.016638 -0.000074 -0.000053
v -0.016656 0.000000 -0.000069
v -0.016672 0.000040 -0.000069
v -0.016712 0.000057 -0.000069
v -0.016753 0.000040 -0.000069
v -0.016769 0.000000 -0.000069
v -0.016753 -0.000040 -0.000069
v -0.016712 -0.000057 -0.000069
v -0.016672 -0.000040 -0.000069
v -0.016712 0.000000 -0.000074
v -0.011818 -0.011818 0.000074
v -0.011761 -0.011818 0.000069
v -0.011777 -0.011777 0.000069
v -0.011818 -0.011761 0.000069
v -0.011858 -0.011777 0.000069
v -0.011874 -0.011818 0.000069
v -0.011858 -0.011858 0.000069
v -0.011818 -0.011874 0.000069
v -0.011777 -0.011858 0.000069
v -0.011712 -0.011818 0.000053
v -0.011743 -0.011743 0.000053
v -0.011818 -0.011712 0.000053
v -0.011892 -0.011743 0.000053
v -0.011923 -0.011818 0.000053
v -0.011892 -0.011892 0.000053
v -0.011818 -0.011923 0.000053
v -0.011743 -0.011892 0.000053
v -0.011680 -0.011818 0.000028
v -0.011720 -0.011720 0.000028
v -0.011818 -0.011680 0.000028
v -0.011915 -0.011720 0.000028
v -0.011955 -0.011818 0.000028
v -0.011915 -0.011915 0.000028
v -0.011818 -0.011955 0.000028
v -0.011720 -0.011915 0.000028
v -0.011669 -0.011818 0.000000
v -0.011712 -0.011712 0.000000
v -0.011818 -0.011669 0.000000
v -0.011923 -0.011712 0.000000
v -0.011966 -0.011818 0.000000
v -0.011923 -0.011923 0.000000
v -0.011818 -0.011966 0.000000
v -0.011712 -0.011923 0.000000
v -0.011680 -0.011818 -0.000028
v -0.011720 -0.011720 -0.000028
v -0.011818 -0.011680 -0.000028
v -0.011915 -0.011720 -0.000028
v -0.011955 -0.011818 -0.000028
v -0.011915 -0.011915 -0.000028
v -0.011818 -0.011955 -0.000028
v -0.011720 -0.011915 -0.000028
v -0.011712 -0.011818 -0.000053
v -0.011743 -0.011743 -0.000053
v -0.011818 -0.011712 -0.000053
v -0.011892 -0.011743 -0.000053
v -0.011923 -0.011818 -0.000053
v -0.011892 -0.011892 -0.000053
v -0.011818 -0.011923 -0.000053
v -0.011743 -0.011892 -0.000053
v -0.011761 -0.011818 -0.000069
v -0.011777 -0.011777 -0.000069
v -0.011818 -0.011761 -0.000069
v -0.011858 -0.011777 -0.000069
v -0.011874 -0.011818 -0.000069
v -0.011858 -0.011858 -0.000069
v -0.011818 -0.011874 -0.000069
v -0.011777 -0.011858 -0.000069
v -0.011818 -0.011818 -0.000074
v -0.000000 -0.016712 0.000074
v 0.000057 -0.016712 0.000069
v 0.000040 -0.016672 0.000069
v -0.000000 -0.016656 0.000069
v -0.000040 -0.016672 0.000069
v -0.000057 -0.016712 0.000069
v -0.000040 -0.016753 0.000069
v -0.000000 -0.016769 0.000069
v 0.000040 -0.016753 0.000069
v 0.000105 -0.016712 0.000053
v 0.000074 -0.016638 0.000053
v -0.000000 -0.016607 0.000053
v -0.000074 -0.016638 0.000053
v -0.000105 -0.016712 0.000053
v -0.000074 -0.016787 0.000053
v -0.000000 -0.016818 0.000053
v 0.000074 -0.016787 0.000053
v 0.000137 -0.016712 0.000028
v 0.000097 -0.016615 0.000028
v -0.000000 -0.016575 0.000028
v -0.000097 -0.016615 0.000028
v -0.000137 -0.016712 0.000028
v -0.000097 -0.016810 0.000028
v -0.000000 -0.016850 0.000028
v 0.000097 -0.016810 0.000028
v 0.000149 -0.016712 0.000000
v 0.000105 -0.016607 0.000000
v -0.000000 -0.016564 0.000000
v -0.000105 -0.016607 0.000000
v -0.000149 -0.016712 0.000000
v -0.000105 -0.016818 0.000000
v -0.000000 -0.016861 0.000000
v 0.000105 -0.016818 0.000000
v 0.000137 -0.016712 -0.000028
v 0.000097 -0.016615 -0.000028
v -0.000000 -0.016575 -0.000028
v -0.000097 -0.016615 -0.000028
v -0.000137 -0.016712 -0.000028
v -0.000097 -0.016810 -0.000028
v -0.000000 -0.016850 -0.000028
v 0.000097 -0.016810 -0.000028
v 0.000105 -0.016712 -0.000053
v 0.000074 -0.016638 -0.000053
v -0.000000 -0.016607 -0.000053
v -0.000074 -0.016638 -0.000053
v -0.000105 -0.016712 -0.000053
v -0.000074 -0.016787 -0.000053
v -0.000000 -0.016818 -0.000053
v 0.000074 -0.016787 -0.000053
v 0.000057 -0.016712 -0.000069
v 0.000040 -0.016672 -0.000069
v -0.000000 -0.016656 -0.000069
v -0.000040 -0.016672 -0.000069
v -0.000057 -0.016712 -0.000069
v -0.000040 -0.016753 -0.000069
v -0.000000 -0.016769 -0.000069
v 0.000040 -0.016753 -0.000069
v -0.000000 -0.016712 -0.000074
v 0.011818 -0.011818 0.000074
v 0.011874 -0.011818 0.000069
v 0.011858 -0.011777 0.000069
v 0.011818 -0.011761 0.000069
v 0.011777 -0.011777 0.000069
v 0.011761 -0.011818 0.000069
v 0.011777 -0.011858 0.000069
v 0.011818 -0.011874 0.000069
v 0.011858 -0.011858 0.000069
v 0.011923 -0.011818 0.000053
v 0.011892 -0.011743 0.000053
v 0.011818 -0.011712 0.000053
v 0.011743 -0.011743 0.000053
v 0.011712 -0.011818 0.000053
v 0.011743 -0.011892 0.000053
v 0.011818 -0.011923 0.000053
v 0.011892 -0.011892 0.000053
v 0.011955 -0.011818 0.000028
v 0.011915 -0.011720 0.000028
v 0.011818 -0.011680 0.000028
v 0.011720 -0.011720 0.000028
v 0.011680 -0.011818 0.000028
v 0.011720 -0.011915 0.000028
v 0.011818 -0.011955 0.000028
v 0.011915 -0.011915 0.000028
v 0.011966 -0.011818 0.000000
v 0.011923 -0.011712 0.000000
v 0.011818 -0.011669 0.000000
v 0.011712 -0.011712 0.000000
v 0.011669 -0.011818 0.000000
v 0.011712 -0.011923 0.000000
v 0.011818 -0.011966 0.000000
v 0.011923 -0.011923 0.000000
v 0.011955 -0.011818 -0.000028
v 0.011915 -0.011720 -0.000028
v 0.011818 -0.011680 -0.000028
v 0.011720 -0.011720 -0.000028
v 0.011680 -0.011818 -0.000028
v 0.011720 -0.011915 -0.000028
v 0.011818 -0.011955 -0.000028
v 0.011915 -0.011915 -0.000028
v 0.011923 -0.011818 -0.000053
v 0.011892 -0.011743 -0.000053
v 0.011818 -0.011712 -0.000053
v 0.011743 -0.011743 -0.000053
v 0.011712 -0.011818 -0.000053
v 0.011743 -0.011892 -0.000053
v 0.011818 -0.011923 -0.000053
v 0.011892 -0.011892 -0.000053
v 0.011874 -0.011818 -0.000069
v 0.011858 -0.011777 -0.000069
v 0.011818 -0.011761 -0.000069
v 0.011777 -0.011777 -0.000069
v 0.011761 -0.011818 -0.000069
v 0.011777 -0.011858 -0.000069
v 0.011818 -0.011874 -0.000069
v 0.011858 -0.011858 -0.000069
v 0.011818 -0.011818 -0.000074
vn 0.000000 0.000000 -1.000000
vn 0.000000 0.000000 -1.000000
vn 0.000000 -0.000000 1.000000
vn 0.000000 0.000000 1.000000
vn 0.999657 0.026177 0.000000
vn 0.999657 0.026177 0.000000
vn -0.999657 -0.026177 -0.000000
vn -0.999657 -0.026177 -0.000000
vn 0.000000 0.000000 -1.000000
vn 0.000000 0.000000 -1.000000
vn 0.000000 -0.000000 1.000000
vn 0.000000 0.000000 1.000000
vn 0.996917 0.078459 0.000000
vn 0.996917 0.078459 0.000000
vn -0.996917 -0.078459 -0.000000
vn -0.996917 -0.078459 -0.000000
vn 0.000000 0.000000 -1.000000
vn 0.000000 0.000000 -1.000000
vn 0.000000 -0.000000 1.000000
vn 0.000000 0.000000 1.000000
vn 0.991445 0.130526 0.000000
vn 0.991445 0.130526 0.000000
vn -0.991445 -0.130526 -0.000000
vn -0.991445 -0.130526 -0.000000
vn 0.000000 0.000000 -1.000000
vn 0.000000 0.000000 -1.000000
vn 0.000000 -0.000000 1.000000
vn 0.000000 0.000000 1.000000
vn 0.983255 0.182236 0.000000
vn 0.983255 0.182236 0.000000
vn -0.983255 -0.182236 -0.000000
vn -0.983255 -0.182236 -0.000000
vn 0.000000 0.000000 -1.000000
vn 0.000000 0.000000 -1.000000
vn 0.000000 -0.000000 1.000000
vn 0.000000 0.000000 1.000000
vn 0.972370 0.233445 0.000000
vn 0.972370 0.233445 0.000000
vn -0.972370 -0.233445 -0.000000
vn -0.972370 -0.233445 -0.000000
vn 0.000000 0.000000 -1.000000
vn 0.000000 0.000000 -1.000000
vn 0.000000 -0.000000 1.000000
vn 0.000000 0.000000 1.000000
vn 0.958820 0.284015 0.000000
vn 0.958820 0.284015 0.000000
vn -0.958820 -0.284015 -0.000000
vn -0.958820 -0.284015 -0.000000
vn 0.000000 0.000000 -1.000000
vn 0.000000 0.000000 -1.000000
vn 0.000000 -0.000000 1.000000
vn 0.000000 0.000000 1.000000
vn 0.942641 0.333807 0.000000
vn 0.942641 0.333807 0.000000
vn -0.942641 -0.333807 -0.000000
vn -0.942641 -0.333807 -0.000000
vn 0.000000 0.000000 -1.000000
vn 0.000000 0.000000 -1.000000
vn 0.000000 -0.000000 1.000000
vn 0.000000 0.000000 1.000000
vn 0.923880 0.382683 0.000000
vn 0.923880 0.382683 0.000000
vn -0.923880 -0.382683 -0.000000
vn -0.923880 -0.382683 -0.000000
vn 0.000000 0.000000 -1.000000
vn 0.000000 0.000000 -1.000000
vn 0.000000 -0.000000 1.000000
vn 0.000000 0.000000 1.000000
vn 0.902585 0.430511 0.000000
vn 0.902585 0.430511 0.000000
vn -0.902585 -0.430511 -0.000000
vn -0.902585 -0.430511 -0.000000
vn 0.000000 0.000000 -1.000000
vn 0.000000 0.000000 -1.000000
vn 0.000000 -0.000000 1.000000
vn 0.000000 0.000000 1.000000
vn 0.878817 0.477159 0.000000
vn 0.878817 0.477159 0.000000
vn -0.878817 -0.477159 -0.000000
vn -0.878817 -0.477159 -0.000000
vn 0.000000 0.000000 -1.000000
vn 0.000000 0.000000 -1.000000
vn 0.000000 -0.000000 1.000000
vn 0.000000 0.000000 1.000000
vn 0.852640 0.522499 0.000000
vn 0.852640 0.522499 0.000000
vn -0.852640 -0.522499 -0.000000
vn -0.852640 -0.522499 -0.000000
vn 0.000000 0.000000 -1.000000
vn 0.000000 0.000000 -1.000000
vn 0.000000 -0.000000 1.000000
vn 0.000000 0.000000 1.000000
vn 0.824126 0.566406 0.000000
vn 0.824126 0.566406 0.000000
vn -0.824126 -0.566406 -0.000000
vn -0.824126 -0.566406 -0.000000
vn 0.000000 0.000000 -1.000000
vn 0.000000 0.000000 -1.000000
vn 0.000000 -0.000000 1.000000
vn 0.000000 0.000000 1.000000
vn 0.793353 0.608761 0.000000
vn 0.793353 0.608761 0.000000
vn -0.793353 -0.608761 -0.000000
vn -0.793353 -0.608761 -0.000000
vn 0.000000 0.000000 -1.000000
vn 0.000000 0.000000 -1.000000
vn 0.000000 -0.000000 1.000000
vn 0.000000 0.000000 1.000000
vn 0.760406 0.649448 0.000000
vn 0.760406 0.649448 0.000000
vn -0.760406 -0.649448 -0.000000
vn -0.760406 -0.649448 -0.000000
vn 0.000000 0.000000 -1.000000
vn 0.000000 0.000000 -1.000000
vn 0.000000 -0.000000 1.000000
vn 0.000000 0.000000 1.000000
vn 0.725374 0.688355 0.000000
vn 0.725374 0.688355 0.000000
vn -0.725374 -0.688355 -0.000000
vn -0.725374 -0.688355 -0.000000
vn 0.000000 0.000000 -1.000000
vn 0.000000 0.000000 -1.000000
vn 0.000000 -0.000000 1.000000
vn 0.000000 0.000000 1.000000
vn 0.688355 0.725374 0.000000
vn 0.688355 0.725374 0.000000
vn -0.688355 -0.725374 -0.000000
vn -0.688355 -0.725374 -0.000000
vn 0.000000 0.000000 -1.000000
vn 0.000000 0.000000 -1.000000
vn 0.000000 -0.000000 1.000000
vn 0.000000 0.000000 1.000000
vn 0.649448 0.760406 0.000000
vn 0.649448 0.760406 0.000000
vn -0.649448 -0.760406 -0.000000
vn -0.649448 -0.760406 -0.000000
vn 0.000000 0.000000 -1.000000
vn 0.000000 0.000000 -1.000000
vn 0.000000 -0.000000 1.000000
vn 0.000000 0.000000 1.000000
vn 0.608761 0.793353 0.000000
vn 0.608761 0.793353 0.000000
vn -0.608761 -0.793353 -0.000000
vn -0.608761 -0.793353 -0.000000
vn 0.000000 0.000000 -1.000000
vn 0.000000 0.000000 -1.000000
vn 0.000000 -0.000000 1.000000
vn 0.000000 0.000000 1.000000
vn 0.566406 0.824126 0.000000
vn 0.566406 0.824126 0.000000
vn -0.566406 -0.824126 -0.000000
vn -0.566406 -0.824126 -0.000000
vn 0.000000 0.000000 -1.000000
vn 0.000000 0.000000 -1.000000
vn 0.000000 -0.000000 1.000000
vn 0.000000 0.000000 1.000000
vn 0.522499 0.852640 0.000000
vn 0.522499 0.852640 0.000000
vn -0.522499 -0.852640 -0.000000
vn -0.522499 -0.852640 -0.000000
vn 0.000000 0.000000 -1.000000
vn 0.000000 0.000000 -1.000000
vn 0.000000 -0.000000 1.000000
vn 0.000000 0.000000 1.000000
vn 0.477159 0.878817 0.000000
vn 0.477159 0.878817 0.000000
vn -0.477159 -0.878817 -0.000000
vn -0.477159 -0.878817 -0.000000
vn 0.000000 0.000000 -1.000000
vn 0.000000 0.000000 -1.000000
vn 0.000000 -0.000000 1.000000
vn 0.000000 0.000000 1.000000
vn 0.430511 0.902585 0.000000
vn 0.430511 0.902585 0.000000
vn -0.430511 -0.902585 -0.000000
vn -0.430511 -0.902585 -0.000000
vn 0.000000 0.000000 -1.000000
vn 0.000000 0.000000 -1.000000
vn 0.000000 -0.000000 1.000000
vn 0.000000 0.000000 1.000000
vn 0.382683 0.923880 0.000000
vn 0.382683 0.923880 0.000000
vn -0.382683 -0.923880 -0.000000
vn -0.382683 -0.923880 -0.000000
vn 0.000000 0.000000 -1.000000
vn 0.000000 0.000000 -1.000000
vn 0.000000 -0.000000 1.000000
vn 0.000000 0.000000 1.000000
vn 0.333807 0.942641 0.000000
vn 0.333807 0.942641 0.000000
vn -0.333807 -0.942641 -0.000000
vn -0.333807 -0.942641 -0.000000
vn 0.000000 0.000000 -1.000000
vn 0.000000 0.000000 -1.000000
vn 0.000000 -0.000000 1.000000
vn 0.000000 0.000000 1.000000
vn 0.284015 0.958820 0.000000
vn 0.284015 0.958820 0.000000
vn -0.284015 -0.958820 -0.000000
vn -0.284015 -0.958820 -0.000000
vn 0.000000 0.000000 -1.000000
vn 0.000000 0.000000 -1.000000
vn 0.000000 -0.000000 1.000000
vn 0.000000 0.000000 1.000000
vn 0.233445 0.972370 0.000000
vn 0.233445 0.972370 0.000000
vn -0.233445 -0.972370 -0.000000
vn -0.233445 -0.972370 -0.000000
vn 0.000000 0.000000 -1.000000
vn 0.000000 0.000000 -1.000000
vn 0.000000 -0.000000 1.000000
vn 0.000000 0.000000 1.000000
vn 0.182236 0.983255 0.000000
vn 0.182236 0.983255 0.000000
vn -0.182236 -0.983255 -0.000000
vn -0.182236 -0.983255 -0.000000
vn 0.000000 0.000000 -1.000000
vn 0.000000 0.000000 -1.000000
vn 0.000000 0.000000 1.000000
vn 0.000000 -0.000000 1.000000
vn 0.130526 0.991445 0.000000
vn 0.130526 0.991445 0.000000
vn -0.130526 -0.991445 -0.000000
vn -0.130526 -0.991445 -0.000000
vn 0.000000 0.000000 -1.000000
vn 0.000000 0.000000 -1.000000
vn 0.000000 0.000000 1.000000
vn 0.000000 -0.000000 1.000000
vn 0.078459 0.996917 0.000000
vn 0.078459 0.996917 0.000000
vn -0.078459 -0.996917 -0.000000
vn -0.078459 -0.996917 -0.000000
vn 0.000000 0.000000 -1.000000
vn 0.000000 0.000000 -1.000000
vn 0.000000 0.000000 1.000000
vn 0.000000 -0.000000 1.000000
vn 0.026177 0.999657 0.000000
vn 0.026177 0.999657 0.000000
vn -0.026177 -0.999657 -0.000000
vn -0.026177 -0.999657 -0.000000
vn -0.000000 0.000000 -1.000000
vn 0.000000 0.000000 -1.000000
vn 0.000000 0.000000 1.000000
vn 0.000000 -0.000000 1.000000
vn -0.026177 0.999657 0.000000
vn -0.026177 0.999657 0.000000
vn 0.026177 -0.999657 0.000000
vn 0.026177 -0.999657 0.000000
vn -0.000000 0.000000 -1.000000
vn 0.000000 0.000000 -1.000000
vn 0.000000 0.000000 1.000000
vn 0.000000 0.000000 1.000000
vn -0.078459 0.996917 0.000000
vn -0.078459 0.996917 0.000000
vn 0.078459 -0.996917 0.000000
vn 0.078459 -0.996917 0.000000
vn -0.000000 0.000000 -1.000000
vn 0.000000 0.000000 -1.000000
vn 0.000000 0.000000 1.000000
vn 0.000000 0.000000 1.000000
vn -0.130526 0.991445 0.000000
vn -0.130526 0.991445 0.000000
vn 0.130526 -0.991445 0.000000
vn 0.130526 -0.991445 0.000000
vn -0.000000 0.000000 -1.000000
vn 0.000000 0.000000 -1.000000
vn 0.000000 0.000000 1.000000
vn 0.000000 0.000000 1.000000
vn -0.182236 0.983255 0.000000
vn -0.182236 0.983255 0.000000
vn 0.182236 -0.983255 0.000000
vn 0.182236 -0.983255 0.000000
vn -0.000000 0.000000 -1.000000
vn 0.000000 0.000000 -1.000000
vn 0.000000 0.000000 1.000000
vn 0.000000 0.000000 1.000000
vn -0.233445 0.972370 0.000000
vn -0.233445 0.972370 0.000000
vn 0.233445 -0.972370 0.000000
vn 0.233445 -0.972370 0.000000
vn -0.000000 0.000000 -1.000000
vn 0.000000 0.000000 -1.000000
vn 0.000000 0.000000 1.000000
vn 0.000000 0.000000 1.000000
vn -0.284015 0.958820 0.000000
vn -0.284015 0.958820 0.000000
vn 0.284015 -0.958820 0.000000
vn 0.284015 -0.958820 0.000000
vn -0.000000 0.000000 -1.000000
vn 0.000000 0.000000 -1.000000
vn 0.000000 0.000000 1.000000
vn 0.000000 0.000000 1.000000
vn -0.333807 0.942641 0.000000
vn -0.333807 0.942641 0.000000
vn 0.333807 -0.942641 0.000000
vn 0.333807 -0.942641 0.000000
vn -0.000000 0.000000 -1.000000
vn 0.000000 0.000000 -1.000000
vn 0.000000 0.000000 1.000000
vn 0.000000 0.000000 1.000000
vn -0.382683 0.923880 0.000000
vn -0.382683 0.923880 0.000000
vn 0.382683 -0.923880 0.000000
vn 0.382683 -0.923880 0.000000
vn -0.000000 0.000000 -1.000000
vn 0.000000 0.000000 -1.000000
vn 0.000000 0.000000 1.000000
vn 0.000000 0.000000 1.000000
vn -0.430511 0.902585 0.000000
vn -0.430511 0.902585 0.000000
vn 0.430511 -0.902585 0.000000
vn 0.430511 -0.902585 0.000000
vn -0.000000 0.000000 -1.000000
vn 0.000000 0.000000 -1.000000
vn 0.000000 0.000000 1.000000
vn 0.000000 0.000000 1.000000
vn -0.477159 0.878817 0.000000
vn -0.477159 0.878817 0.000000
vn 0.477159 -0.878817 0.000000
vn 0.477159 -0.878817 0.000000
vn -0.000000 0.000000 -1.000000
vn 0.000000 0.000000 -1.000000
vn 0.000000 0.000000 1.000000
vn 0.000000 0.000000 1.000000
vn -0.522499 0.852640 0.000000
vn -0.522499 0.852640 0.000000
vn 0.522499 -0.852640 0.000000
vn 0.522499 -0.852640 0.000000
vn -0.000000 0.000000 -1.000000
vn 0.000000 0.000000 -1.000000
vn 0.000000 0.000000 1.000000
vn 0.000000 0.000000 1.000000
vn -0.566406 0.824126 0.000000
vn -0.566406 0.824126 0.000000
vn 0.566406 -0.824126 0.000000
vn 0.566406 -0.824126 0.000000
vn -0.000000 0.000000 -1.000000
vn 0.000000 0.000000 -1.000000
vn 0.000000 0.000000 1.000000
vn 0.000000 0.000000 1.000000
vn -0.608761 0.793353 0.000000
vn -0.608761 0.793353 0.000000
vn 0.608761 -0.793353 0.000000
vn 0.608761 -0.793353 0.000000
vn -0.000000 0.000000 -1.000000
vn 0.000000 0.000000 -1.000000
vn 0.000000 0.000000 1.000000
vn 0.000000 0.000000 1.000000
vn -0.649448 0.760406 0.000000
vn -0.649448 0.760406 0.000000
vn 0.649448 -0.760406 0.000000
vn 0.649448 -0.760406 0.000000
vn -0.000000 0.000000 -1.000000
vn 0.000000 0.000000 -1.000000
vn 0.000000 0.000000 1.000000
vn 0.000000 0.000000 1.000000
vn -0.688355 0.725374 0.000000
vn -0.688355 0.725374 0.000000
vn 0.688355 -0.725374 0.000000
vn 0.688355 -0.725374 0.000000
vn -0.000000 0.000000 -1.000000
vn 0.000000 0.000000 -1.000000
vn 0.000000 0.000000 1.000000
vn 0.000000 0.000000 1.000000
vn -0.725374 0.688355 0.000000
vn -0.725374 0.688355 0.000000
vn 0.725374 -0.688355 0.000000
vn 0.725374 -0.688355 0.000000
vn -0.000000 0.000000 -1.000000
vn 0.000000 0.000000 -1.000000
vn 0.000000 0.000000 1.000000
vn 0.000000 0.000000 1.000000
vn -0.760406 0.649448 0.000000
vn -0.760406 0.649448 0.000000
vn 0.760406 -0.649448 0.000000
vn 0.760406 -0.649448 0.000000
vn -0.000000 0.000000 -1.000000
vn 0.000000 0.000000 -1.000000
vn 0.000000 0.000000 1.000000
vn 0.000000 0.000000 1.000000
vn -0.793353 0.608761 0.000000
vn -0.793353 0.608761 0.000000
vn 0.793353 -0.608761 0.000000
vn 0.793353 -0.608761 0.000000
vn -0.000000 0.000000 -1.000000
vn 0.000000 0.000000 -1.000000
vn 0.000000 0.000000 1.000000
vn 0.000000 0.000000 1.000000
vn -0.824126 0.566406 0.000000
vn -0.824126 0.566406 0.000000
vn 0.824126 -0.566406 0.000000
vn 0.824126 -0.566406 0.000000
vn -0.000000 0.000000 -1.000000
vn 0.000000 0.000000 -1.000000
vn 0.000000 0.000000 1.000000
vn 0.000000 0.000000 1.000000
vn -0.852640 0.522499 0.000000
vn -0.852640 0.522499 0.000000
vn 0.852640 -0.522499 0.000000
vn 0.852640 -0.522499 0.000000
vn -0.000000 0.000000 -1.000000
vn 0.000000 0.000000 -1.000000
vn 0.000000 0.000000 1.000000
vn 0.000000 0.000000 1.000000
vn -0.878817 0.477159 0.000000
vn -0.878817 0.477159 0.000000
vn 0.878817 -0.477159 0.000000
vn 0.878817 -0.477159 0.000000
vn -0.000000 0.000000 -1.000000
vn 0.000000 0.000000 -1.000000
vn 0.000000 0.000000 1.000000
vn 0.000000 0.000000 1.000000
vn -0.902585 0.430511 0.000000
vn -0.902585 0.430511 0.000000
vn 0.902585 -0.430511 0.000000
vn 0.902585 -0.430511 0.000000
vn -0.000000 0.000000 -1.000000
vn 0.000000 0.000000 -1.000000
vn 0.000000 0.000000 1.000000
vn 0.000000 0.000000 1.000000
vn -0.923880 0.382683 0.000000
vn -0.923880 0.382683 0.000000
vn 0.923880 -0.382683 0.000000
vn 0.923880 -0.382683 0.000000
vn -0.000000 0.000000 -1.000000
vn 0.000000 0.000000 -1.000000
vn 0.000000 0.000000 1.000000
vn 0.000000 0.000000 1.000000
vn -0.942641 0.333807 0.000000
vn -0.942641 0.333807 0.000000
vn 0.942641 -0.333807 0.000000
vn 0.942641 -0.333807 0.000000
vn -0.000000 0.000000 -1.000000
vn 0.000000 0.000000 -1.000000
vn 0.000000 0.000000 1.000000
vn 0.000000 0.000000 1.000000
vn -0.958820 0.284015 0.000000
vn -0.958820 0.284015 0.000000
vn 0.958820 -0.284015 0.000000
vn 0.958820 -0.284015 0.000000
vn -0.000000 0.000000 -1.000000
vn 0.000000 0.000000 -1.000000
vn 0.000000 0.000000 1.000000
vn 0.000000 0.000000 1.000000
vn -0.972370 0.233445 0.000000
vn -0.972370 0.233445 0.000000
vn 0.972370 -0.233445 0.000000
vn 0.972370 -0.233445 0.000000
vn -0.000000 0.000000 -1.000000
vn 0.000000 0.000000 -1.000000
vn 0.000000 0.000000 1.000000
vn 0.000000 0.000000 1.000000
vn -0.983255 0.182236 0.000000
vn -0.983255 0.182236 0.000000
vn 0.983255 -0.182236 0.000000
vn 0.983255 -0.182236 0.000000
vn 0.000000 0.000000 -1.000000
vn -0.000000 0.000000 -1.000000
vn 0.000000 0.000000 1.000000
vn 0.000000 0.000000 1.000000
vn -0.991445 0.130526 0.000000
vn -0.991445 0.130526 0.000000
vn 0.991445 -0.130526 0.000000
vn 0.991445 -0.130526 0.000000
vn 0.000000 0.000000 -1.000000
vn -0.000000 0.000000 -1.000000
vn 0.000000 0.000000 1.000000
vn 0.000000 0.000000 1.000000
vn -0.996917 0.078459 0.000000
vn -0.996917 0.078459 0.000000
vn 0.996917 -0.078459 0.000000
vn 0.996917 -0.078459 0.000000
vn 0.000000 0.000000 -1.000000
vn -0.000000 0.000000 -1.000000
vn 0.000000 0.000000 1.000000
vn 0.000000 0.000000 1.000000
vn -0.999657 0.026177 0.000000
vn -0.999657 0.026177 0.000000
vn 0.999657 -0.026177 0.000000
vn 0.999657 -0.026177 0.000000
vn 0.000000 -0.000000 -1.000000
vn -0.000000 0.000000 -1.000000
vn 0.000000 0.000000 1.000000
vn 0.000000 0.000000 1.000000
vn -0.999657 -0.026177 -0.000000
vn -0.999657 -0.026177 -0.000000
vn 0.999657 0.026177 0.000000
vn 0.999657 0.026177 0.000000
vn 0.000000 -0.000000 -1.000000
vn 0.000000 0.000000 -1.000000
vn 0.000000 0.000000 1.000000
vn 0.000000 0.000000 1.000000
vn -0.996917 -0.078459 -0.000000
vn -0.996917 -0.078459 -0.000000
vn 0.996917 0.078459 0.000000
vn 0.996917 0.078459 0.000000
vn 0.000000 -0.000000 -1.000000
vn 0.000000 0.000000 -1.000000
vn 0.000000 0.000000 1.000000
vn 0.000000 0.000000 1.000000
vn -0.991445 -0.130526 -0.000000
vn -0.991445 -0.130526 -0.000000
vn 0.991445 0.130526 0.000000
vn 0.991445 0.130526 0.000000
vn 0.000000 -0.000000 -1.000000
vn 0.000000 0.000000 -1.000000
vn 0.000000 0.000000 1.000000
vn 0.000000 0.000000 1.000000
vn -0.983255 -0.182236 -0.000000
vn -0.983255 -0.182236 -0.000000
vn 0.983255 0.182236 0.000000
vn 0.983255 0.182236 0.000000
vn 0.000000 -0.000000 -1.000000
vn 0.000000 0.000000 -1.000000
vn 0.000000 0.000000 1.000000
vn 0.000000 0.000000 1.000000
vn -0.972370 -0.233445 -0.000000
vn -0.972370 -0.233445 -0.000000
vn 0.972370 0.233445 0.000000
vn 0.972370 0.233445 0.000000
vn 0.000000 -0.000000 -1.000000
vn 0.000000 0.000000 -1.000000
vn 0.000000 0.000000 1.000000
vn 0.000000 0.000000 1.000000
vn -0.958820 -0.284015 -0.000000
vn -0.958820 -0.284015 -0.000000
vn 0.958820 0.284015 0.000000
vn 0.958820 0.284015 0.000000
vn 0.000000 -0.000000 -1.000000
vn 0.000000 0.000000 -1.000000
vn 0.000000 0.000000 1.000000
vn 0.000000 0.000000 1.000000
vn -0.942641 -0.333807 -0.000000
vn -0.942641 -0.333807 -0.000000
vn 0.942641 0.333807 0.000000
vn 0.942641 0.333807 0.000000
vn 0.000000 -0.000000 -1.000000
vn 0.000000 0.000000 -1.000000
vn 0.000000 0.000000 1.000000
vn 0.000000 0.000000 1.000000
vn -0.923880 -0.382683 -0.000000
vn -0.923880 -0.382683 -0.000000
vn 0.923880 0.382683 0.000000
vn 0.923880 0.382683 0.000000
vn 0.000000 -0.000000 -1.000000
vn 0.000000 0.000000 -1.000000
vn 0.000000 0.000000 1.000000
vn 0.000000 0.000000 1.000000
vn -0.902585 -0.430511 -0.000000
vn -0.902585 -0.430511 -0.000000
vn 0.902585 0.430511 0.000000
vn 0.902585 0.430511 0.000000
vn 0.000000 -0.000000 -1.000000
vn 0.000000 0.000000 -1.000000
vn 0.000000 0.000000 1.000000
vn 0.000000 0.000000 1.000000
vn -0.878817 -0.477159 -0.000000
vn -0.878817 -0.477159 -0.000000
vn 0.878817 0.477159 0.000000
vn 0.878817 0.477159 0.000000
vn 0.000000 -0.000000 -1.000000
vn 0.000000 0.000000 -1.000000
vn 0.000000 0.000000 1.000000
vn 0.000000 0.000000 1.000000
vn -0.852640 -0.522499 -0.000000
vn -0.852640 -0.522499 -0.000000
vn 0.852640 0.522499 0.000000
vn 0.852640 0.522499 0.000000
vn 0.000000 -0.000000 -1.000000
vn 0.000000 0.000000 -1.000000
vn 0.000000 0.000000 1.000000
vn 0.000000 0.000000 1.000000
vn -0.824126 -0.566406 -0.000000
vn -0.824126 -0.566406 -0.000000
vn 0.824126 0.566406 0.000000
vn 0.824126 0.566406 0.000000
vn 0.000000 -0.000000 -1.000000
vn 0.000000 0.000000 -1.000000
vn 0.000000 0.000000 1.000000
vn 0.000000 0.000000 1.000000
vn -0.793353 -0.608761 -0.000000
vn -0.793353 -0.608761 -0.000000
vn 0.793353 0.608761 0.000000
vn 0.793353 0.608761 0.000000
vn 0.000000 -0.000000 -1.000000
vn 0.000000 0.000000 -1.000000
vn 0.000000 0.000000 1.000000
vn 0.000000 0.000000 1.000000
vn -0.760406 -0.649448 -0.000000
vn -0.760406 -0.649448 -0.000000
vn 0.760406 0.649448 0.000000
vn 0.760406 0.649448 0.000000
vn 0.000000 -0.000000 -1.000000
vn 0.000000 0.000000 -1.000000
vn 0.000000 0.000000 1.000000
vn 0.000000 0.000000 1.000000
vn -0.725374 -0.688355 -0.000000
vn -0.725374 -0.688355 -0.000000
vn 0.725374 0.688355 0.000000
vn 0.725374 0.688355 0.000000
vn 0.000000 -0.000000 -1.000000
vn 0.000000 0.000000 -1.000000
vn 0.000000 0.000000 1.000000
vn 0.000000 0.000000 1.000000
vn -0.688355 -0.725374 -0.000000
vn -0.688355 -0.725374 -0.000000
vn 0.688355 0.725374 0.000000
vn 0.688355 0.725374 0.000000
vn 0.000000 -0.000000 -1.000000
vn 0.000000 0.000000 -1.000000
vn 0.000000 0.000000 1.000000
vn 0.000000 0.000000 1.000000
vn -0.649448 -0.760406 -0.000000
vn -0.649448 -0.760406 -0.000000
vn 0.649448 0.760406 0.000000
vn 0.649448 0.760406 0.000000
vn 0.000000 -0.000000 -1.000000
vn 0.000000 0.000000 -1.000000
vn 0.000000 0.000000 1.000000
vn 0.000000 0.000000 1.000000
vn -0.608761 -0.793353 -0.000000
vn -0.608761 -0.793353 -0.000000
vn 0.608761 0.793353 0.000000
vn 0.608761 0.793353 0.000000
vn 0.000000 -0.000000 -1.000000
vn 0.000000 0.000000 -1.000000
vn 0.000000 0.000000 1.000000
vn 0.000000 0.000000 1.000000
vn -0.566406 -0.824126 -0.000000
vn -0.566406 -0.824126 -0.000000
vn 0.566406 0.824126 0.000000
vn 0.566406 0.824126 0.000000
vn 0.000000 -0.000000 -1.000000
vn 0.000000 0.000000 -1.000000
vn 0.000000 0.000000 1.000000
vn 0.000000 0.000000 1.000000
vn -0.522499 -0.852640 -0.000000
vn -0.522499 -0.852640 -0.000000
vn 0.522499 0.852640 0.000000
vn 0.522499 0.852640 0.000000
vn 0.000000 -0.000000 -1.000000
vn 0.000000 0.000000 -1.000000
vn 0.000000 0.000000 1.000000
vn 0.000000 0.000000 1.000000
vn -0.477159 -0.878817 -0.000000
vn -0.477159 -0.878817 -0.000000
vn 0.477159 0.878817 0.000000
vn 0.477159 0.878817 0.000000
vn 0.000000 -0.000000 -1.000000
vn 0.000000 0.000000 -1.000000
vn 0.000000 0.000000 1.000000
vn 0.000000 0.000000 1.000000
vn -0.430511 -0.902585 -0.000000
vn -0.430511 -0.902585 -0.000000
vn 0.430511 0.902585 0.000000
vn 0.430511 0.902585 0.000000
vn 0.000000 -0.000000 -1.000000
vn 0.000000 0.000000 -1.000000
vn 0.000000 0.000000 1.000000
vn 0.000000 0.000000 1.000000
vn -0.382683 -0.923880 -0.000000
vn -0.382683 -0.923880 -0.000000
vn 0.382683 0.923880 0.000000
vn 0.382683 0.923880 0.000000
vn 0.000000 -0.000000 -1.000000
vn 0.000000 0.000000 -1.000000
vn 0.000000 0.000000 1.000000
vn 0.000000 0.000000 1.000000
vn -0.333807 -0.942641 -0.000000
vn -0.333807 -0.942641 -0.000000
vn 0.333807 0.942641 0.000000
vn 0.333807 0.942641 0.000000
vn 0.000000 -0.000000 -1.000000
vn 0.000000 0.000000 -1.000000
vn 0.000000 0.000000 1.000000
vn 0.000000 0.000000 1.000000
vn -0.284015 -0.958820 -0.000000
vn -0.284015 -0.958820 -0.000000
vn 0.284015 0.958820 0.000000
vn 0.284015 0.958820 0.000000
vn 0.000000 -0.000000 -1.000000
vn 0.000000 0.000000 -1.000000
vn 0.000000 0.000000 1.000000
vn 0.000000 0.000000 1.000000
vn -0.233445 -0.972370 -0.000000
vn -0.233445 -0.972370 -0.000000
vn 0.233445 0.972370 0.000000
vn 0.233445 0.972370 0.000000
vn 0.000000 -0.000000 -1.000000
vn 0.000000 0.000000 -1.000000
vn 0.000000 0.000000 1.000000
vn 0.000000 0.000000 1.000000
vn -0.182236 -0.983255 -0.000000
vn -0.182236 -0.983255 -0.000000
vn 0.182236 0.983255 0.000000
vn 0.182236 0.983255 0.000000
vn 0.000000 0.000000 -1.000000
vn 0.000000 -0.000000 -1.000000
vn 0.000000 0.000000 1.000000
vn 0.000000 0.000000 1.000000
vn -0.130526 -0.991445 -0.000000
vn -0.130526 -0.991445 -0.000000
vn 0.130526 0.991445 0.000000
vn 0.130526 0.991445 0.000000
vn 0.000000 0.000000 -1.000000
vn 0.000000 -0.000000 -1.000000
vn 0.000000 0.000000 1.000000
vn 0.000000 0.000000 1.000000
vn -0.078459 -0.996917 -0.000000
vn -0.078459 -0.996917 -0.000000
vn 0.078459 0.996917 0.000000
vn 0.078459 0.996917 0.000000
vn 0.000000 0.000000 -1.000000
vn 0.000000 -0.000000 -1.000000
vn 0.000000 0.000000 1.000000
vn 0.000000 0.000000 1.000000
vn -0.026177 -0.999657 -0.000000
vn -0.026177 -0.999657 -0.000000
vn 0.026177 0.999657 0.000000
vn 0.026177 0.999657 0.000000
vn 0.000000 0.000000 -1.000000
vn 0.000000 -0.000000 -1.000000
vn -0.000000 0.000000 1.000000
vn 0.000000 0.000000 1.000000
vn 0.026177 -0.999657 0.000000
vn 0.026177 -0.999657 0.000000
vn -0.026177 0.999657 0.000000
vn -0.026177 0.999657 0.000000
vn 0.000000 0.000000 -1.000000
vn 0.000000 0.000000 -1.000000
vn -0.000000 0.000000 1.000000
vn 0.000000 0.000000 1.000000
vn 0.078459 -0.996917 0.000000
vn 0.078459 -0.996917 0.000000
vn -0.078459 0.996917 0.000000
vn -0.078459 0.996917 0.000000
vn 0.000000 0.000000 -1.000000
vn 0.000000 0.000000 -1.000000
vn -0.000000 0.000000 1.000000
vn 0.000000 0.000000 1.000000
vn 0.130526 -0.991445 0.000000
vn 0.130526 -0.991445 0.000000
vn -0.130526 0.991445 0.000000
vn -0.130526 0.991445 0.000000
vn 0.000000 0.000000 -1.000000
vn 0.000000 0.000000 -1.000000
vn -0.000000 0.000000 1.000000
vn 0.000000 0.000000 1.000000
vn 0.182236 -0.983255 0.000000
vn 0.182236 -0.983255 0.000000
vn -0.182236 0.983255 0.000000
vn -0.182236 0.983255 0.000000
vn 0.000000 0.000000 -1.000000
vn 0.000000 0.000000 -1.000000
vn -0.000000 0.000000 1.000000
vn 0.000000 0.000000 1.000000
vn 0.233445 -0.972370 0.000000
vn 0.233445 -0.972370 0.000000
vn -0.233445 0.972370 0.000000
vn -0.233445 0.972370 0.000000
vn 0.000000 0.000000 -1.000000
vn 0.000000 0.000000 -1.000000
vn -0.000000 0.000000 1.000000
vn 0.000000 0.000000 1.000000
vn 0.284015 -0.958820 0.000000
vn 0.284015 -0.958820 0.000000
vn -0.284015 0.958820 0.000000
vn -0.284015 0.958820 0.000000
vn 0.000000 0.000000 -1.000000
vn 0.000000 0.000000 -1.000000
vn -0.000000 0.000000 1.000000
vn 0.000000 0.000000 1.000000
vn 0.333807 -0.942641 0.000000
vn 0.333807 -0.942641 0.000000
vn -0.333807 0.942641 0.000000
vn -0.333807 0.942641 0.000000
vn 0.000000 0.000000 -1.000000
vn 0.000000 0.000000 -1.000000
vn -0.000000 0.000000 1.000000
vn 0.000000 0.000000 1.000000
vn 0.382683 -0.923880 0.000000
vn 0.382683 -0.923880 0.000000
vn -0.382683 0.923880 0.000000
vn -0.382683 0.923880 0.000000
vn 0.000000 0.000000 -1.000000
vn 0.000000 0.000000 -1.000000
vn -0.000000 0.000000 1.000000
vn 0.000000 0.000000 1.000000
vn 0.430511 -0.902585 0.000000
vn 0.430511 -0.902585 0.000000
vn -0.430511 0.902585 0.000000
vn -0.430511 0.902585 0.000000
vn 0.000000 0.000000 -1.000000
vn 0.000000 0.000000 -1.000000
vn -0.000000 0.000000 1.000000
vn 0.000000 0.000000 1.000000
vn 0.477159 -0.878817 0.000000
vn 0.477159 -0.878817 0.000000
vn -0.477159 0.878817 0.000000
vn -0.477159 0.878817 0.000000
vn 0.000000 0.000000 -1.000000
vn 0.000000 0.000000 -1.000000
vn -0.000000 0.000000 1.000000
vn 0.000000 0.000000 1.000000
vn 0.522499 -0.852640 0.000000
vn 0.522499 -0.852640 0.000000
vn -0.522499 0.852640 0.000000
vn -0.522499 0.852640 0.000000
vn 0.000000 0.000000 -1.000000
vn 0.000000 0.000000 -1.000000
vn -0.000000 0.000000 1.000000
vn 0.000000 0.000000 1.000000
vn 0.566406 -0.824126 0.000000
vn 0.566406 -0.824126 0.000000
vn -0.566406 0.824126 0.000000
vn -0.566406 0.824126 0.000000
vn 0.000000 0.000000 -1.000000
vn 0.000000 0.000000 -1.000000
vn -0.000000 0.000000 1.000000
vn 0.000000 0.000000 1.000000
vn 0.608761 -0.793353 0.000000
vn 0.608761 -0.793353 0.000000
vn -0.608761 0.793353 0.000000
vn -0.608761 0.793353 0.000000
vn 0.000000 0.000000 -1.000000
vn 0.000000 0.000000 -1.000000
vn -0.000000 0.000000 1.000000
vn 0.000000 0.000000 1.000000
vn 0.649448 -0.760406 0.000000
vn 0.649448 -0.760406 0.000000
vn -0.649448 0.760406 0.000000
vn -0.649448 0.760406 0.000000
vn 0.000000 0.000000 -1.000000
vn 0.000000 0.000000 -1.000000
vn -0.000000 0.000000 1.000000
vn 0.000000 0.000000 1.000000
vn 0.688355 -0.725374 0.000000
vn 0.688355 -0.725374 0.000000
vn -0.688355 0.725374 0.000000
vn -0.688355 0.725374 0.000000
vn 0.000000 0.000000 -1.000000
vn 0.000000 0.000000 -1.000000
vn -0.000000 0.000000 1.000000
vn 0.000000 0.000000 1.000000
vn 0.725374 -0.688355 0.000000
vn 0.725374 -0.688355 0.000000
vn -0.725374 0.688355 0.000000
vn -0.725374 0.688355 0.000000
vn 0.000000 0.000000 -1.000000
vn 0.000000 0.000000 -1.000000
vn -0.000000 0.000000 1.000000
vn 0.000000 0.000000 1.000000
vn 0.760406 -0.649448 0.000000
vn 0.760406 -0.649448 0.000000
vn -0.760406 0.649448 0.000000
vn -0.760406 0.649448 0.000000
vn 0.000000 0.000000 -1.000000
vn 0.000000 0.000000 -1.000000
vn -0.000000 0.000000 1.000000
vn 0.000000 0.000000 1.000000
vn 0.793353 -0.608761 0.000000
vn 0.793353 -0.608761 0.000000
vn -0.793353 0.608761 0.000000
vn -0.793353 0.608761 0.000000
vn 0.000000 0.000000 -1.000000
vn 0.000000 0.000000 -1.000000
vn -0.000000 0.000000 1.000000
vn 0.000000 0.000000 1.000000
vn 0.824126 -0.566406 0.000000
vn 0.824126 -0.566406 0.000000
vn -0.824126 0.566406 0.000000
vn -0.824126 0.566406 0.000000
vn 0.000000 0.000000 -1.000000
vn 0.000000 0.000000 -1.000000
vn -0.000000 0.000000 1.000000
vn 0.000000 0.000000 1.000000
vn 0.852640 -0.522499 0.000000
vn 0.852640 -0.522499 0.000000
vn -0.852640 0.522499 0.000000
vn -0.852640 0.522499 0.000000
vn 0.000000 0.000000 -1.000000
vn 0.000000 0.000000 -1.000000
vn -0.000000 0.000000 1.000000
vn 0.000000 0.000000 1.000000
vn 0.878817 -0.477159 0.000000
vn 0.878817 -0.477159 0.000000
vn -0.878817 0.477159 0.000000
vn -0.878817 0.477159 0.000000
vn 0.000000 0.000000 -1.000000
vn 0.000000 0.000000 -1.000000
vn -0.000000 0.000000 1.000000
vn 0.000000 0.000000 1.000000
vn 0.902585 -0.430511 0.000000
vn 0.902585 -0.430511 0.000000
vn -0.902585 0.430511 0.000000
vn -0.902585 0.430511 0.000000
vn 0.000000 0.000000 -1.000000
vn 0.000000 0.000000 -1.000000
vn -0.000000 0.000000 1.000000
vn 0.000000 0.000000 1.000000
vn 0.923880 -0.382683 0.000000
vn 0.923880 -0.382683 0.000000
vn -0.923880 0.382683 0.000000
vn -0.923880 0.382683 0.000000
vn 0.000000 0.000000 -1.000000
vn 0.000000 0.000000 -1.000000
vn -0.000000 0.000000 1.000000
vn 0.000000 0.000000 1.000000
vn 0.942641 -0.333807 0.000000
vn 0.942641 -0.333807 0.000000
vn -0.942641 0.333807 0.000000
vn -0.942641 0.333807 0.000000
vn 0.000000 0.000000 -1.000000
vn 0.000000 0.000000 -1.000000
vn -0.000000 0.000000 1.000000
vn 0.000000 0.000000 1.000000
vn 0.958820 -0.284015 0.000000
vn 0.958820 -0.284015 0.000000
vn -0.958820 0.284015 0.000000
vn -0.958820 0.284015 0.000000
vn 0.000000 0.000000 -1.000000
vn 0.000000 0.000000 -1.000000
vn -0.000000 0.000000 1.000000
vn 0.000000 0.000000 1.000000
vn 0.972370 -0.233445 0.000000
vn 0.972370 -0.233445 0.000000
vn -0.972370 0.233445 0.000000
vn -0.972370 0.233445 0.000000
vn 0.000000 0.000000 -1.000000
vn 0.000000 0.000000 -1.000000
vn -0.000000 0.000000 1.000000
vn 0.000000 0.000000 1.000000
vn 0.983255 -0.182236 0.000000
vn 0.983255 -0.182236 0.000000
vn -0.983255 0.182236 0.000000
vn -0.983255 0.182236 0.000000
vn 0.000000 0.000000 -1.000000
vn 0.000000 0.000000 -1.000000
vn 0.000000 0.000000 1.000000
vn -0.000000 0.000000 1.000000
vn 0.991445 -0.130526 0.000000
vn 0.991445 -0.130526 0.000000
vn -0.991445 0.130526 0.000000
vn -0.991445 0.130526 0.000000
vn 0.000000 0.000000 -1.000000
vn 0.000000 0.000000 -1.000000
vn 0.000000 0.000000 1.000000
vn -0.000000 0.000000 1.000000
vn 0.996917 -0.078459 0.000000
vn 0.996917 -0.078459 0.000000
vn -0.996917 0.078459 0.000000
vn -0.996917 0.078459 0.000000
vn 0.000000 0.000000 -1.000000
vn 0.000000 0.000000 -1.000000
vn 0.000000 0.000000 1.000000
vn -0.000000 0.000000 1.000000
vn 0.999657 -0.026177 0.000000
vn 0.999657 -0.026177 0.000000
vn -0.999657 0.026177 0.000000
vn -0.999657 0.026177 0.000000
vn 0.000000 0.000000 -1.000000
vn 0.000000 0.000000 -1.000000
vn 0.000000 -0.000000 1.000000
vn 0.000000 0.000000 1.000000
vn 0.999657 0.026177 0.000000
vn 0.999657 0.026177 0.000000
vn -0.999657 -0.026177 -0.000000
vn -0.999657 -0.026177 -0.000000
vn 0.000000 0.000000 -1.000000
vn 0.000000 0.000000 -1.000000
vn 0.000000 -0.000000 1.000000
vn 0.000000 0.000000 1.000000
vn 0.996917 0.078459 0.000000
vn 0.996917 0.078459 0.000000
vn -0.996917 -0.078459 -0.000000
vn -0.996917 -0.078459 -0.000000
vn 0.000000 0.000000 -1.000000
vn 0.000000 0.000000 -1.000000
vn 0.000000 -0.000000 1.000000
vn 0.000000 0.000000 1.000000
vn 0.991445 0.130526 0.000000
vn 0.991445 0.130526 0.000000
vn -0.991445 -0.130526 -0.000000
vn -0.991445 -0.130526 -0.000000
vn 0.000000 0.000000 -1.000000
vn 0.000000 0.000000 -1.000000
vn 0.000000 -0.000000 1.000000
vn 0.000000 0.000000 1.000000
vn 0.983255 0.182236 0.000000
vn 0.983255 0.182236 0.000000
vn -0.983255 -0.182236 -0.000000
vn -0.983255 -0.182236 -0.000000
vn 0.000000 0.000000 -1.000000
vn 0.000000 0.000000 -1.000000
vn 0.000000 -0.000000 1.000000
vn 0.000000 0.000000 1.000000
vn 0.972370 0.233445 0.000000
vn 0.972370 0.233445 0.000000
vn -0.972370 -0.233445 -0.000000
vn -0.972370 -0.233445 -0.000000
vn 0.000000 0.000000 -1.000000
vn 0.000000 0.000000 -1.000000
vn 0.000000 -0.000000 1.000000
vn 0.000000 0.000000 1.000000
vn 0.958820 0.284015 0.000000
vn 0.958820 0.284015 0.000000
vn -0.958820 -0.284015 -0.000000
vn -0.958820 -0.284015 -0.000000
vn 0.000000 0.000000 -1.000000
vn 0.000000 0.000000 -1.000000
vn 0.000000 -0.000000 1.000000
vn 0.000000 0.000000 1.000000
vn 0.942641 0.333807 0.000000
vn 0.942641 0.333807 0.000000
vn -0.942641 -0.333807 -0.000000
vn -0.942641 -0.333807 -0.000000
vn 0.000000 0.000000 -1.000000
vn 0.000000 0.000000 -1.000000
vn 0.000000 -0.000000 1.000000
vn 0.000000 0.000000 1.000000
vn 0.923880 0.382683 0.000000
vn 0.923880 0.382683 0.000000
vn -0.923880 -0.382683 -0.000000
vn -0.923880 -0.382683 -0.000000
vn 0.000000 0.000000 -1.000000
vn 0.000000 0.000000 -1.000000
vn 0.000000 -0.000000 1.000000
vn 0.000000 0.000000 1.000000
vn 0.902585 0.430511 0.000000
vn 0.902585 0.430511 0.000000
vn -0.902585 -0.430511 -0.000000
vn -0.902585 -0.430511 -0.000000
vn 0.000000 0.000000 -1.000000
vn 0.000000 0.000000 -1.000000
vn 0.000000 -0.000000 1.000000
vn 0.000000 0.000000 1.000000
vn 0.878817 0.477159 0.000000
vn 0.878817 0.477159 0.000000
vn -0.878817 -0.477159 -0.000000
vn -0.878817 -0.477159 -0.000000
vn 0.000000 0.000000 -1.000000
vn 0.000000 0.000000 -1.000000
vn 0.000000 -0.000000 1.000000
vn 0.000000 0.000000 1.000000
vn 0.852640 0.522499 0.000000
vn 0.852640 0.522499 0.000000
vn -0.852640 -0.522499 -0.000000
vn -0.852640 -0.522499 -0.000000
vn 0.000000 0.000000 -1.000000
vn 0.000000 0.000000 -1.000000
vn 0.000000 -0.000000 1.000000
vn 0.000000 0.000000 1.000000
vn 0.824126 0.566406 0.000000
vn 0.824126 0.566406 0.000000
vn -0.824126 -0.566406 -0.000000
vn -0.824126 -0.566406 -0.000000
vn 0.000000 0.000000 -1.000000
vn 0.000000 0.000000 -1.000000
vn 0.000000 -0.000000 1.000000
vn 0.000000 0.000000 1.000000
vn 0.793353 0.608761 0.000000
vn 0.793353 0.608761 0.000000
vn -0.793353 -0.608761 -0.000000
vn -0.793353 -0.608761 -0.000000
vn 0.000000 0.000000 -1.000000
vn 0.000000 0.000000 -1.000000
vn 0.000000 -0.000000 1.000000
vn 0.000000 0.000000 1.000000
vn 0.760406 0.649448 0.000000
vn 0.760406 0.649448 0.000000
vn -0.760406 -0.649448 -0.000000
vn -0.760406 -0.649448 -0.000000
vn 0.000000 0.000000 -1.000000
vn 0.000000 0.000000 -1.000000
vn 0.000000 -0.000000 1.000000
vn 0.000000 0.000000 1.000000
vn 0.725374 0.688355 0.000000
vn 0.725374 0.688355 0.000000
vn -0.725374 -0.688355 -0.000000
vn -0.725374 -0.688355 -0.000000
vn 0.000000 0.000000 -1.000000
vn 0.000000 0.000000 -1.000000
vn 0.000000 -0.000000 1.000000
vn 0.000000 0.000000 1.000000
vn 0.688355 0.725374 0.000000
vn 0.688355 0.725374 0.000000
vn -0.688355 -0.725374 -0.000000
vn -0.688355 -0.725374 -0.000000
vn 0.000000 0.000000 -1.000000
vn 0.000000 0.000000 -1.000000
vn 0.000000 -0.000000 1.000000
vn 0.000000 0.000000 1.000000
vn 0.649448 0.760406 0.000000
vn 0.649448 0.760406 0.000000
vn -0.649448 -0.760406 -0.000000
vn -0.649448 -0.760406 -0.000000
vn 0.000000 0.000000 -1.000000
vn 0.000000 0.000000 -1.000000
vn 0.000000 -0.000000 1.000000
vn 0.000000 0.000000 1.000000
vn 0.608761 0.793353 0.000000
vn 0.608761 0.793353 0.000000
vn -0.608761 -0.793353 -0.000000
vn -0.608761 -0.793353 -0.000000
vn 0.000000 0.000000 -1.000000
vn 0.000000 0.000000 -1.000000
vn 0.000000 -0.000000 1.000000
vn 0.000000 0.000000 1.000000
vn 0.566406 0.824126 0.000000
vn 0.566406 0.824126 0.000000
vn -0.566406 -0.824126 -0.000000
vn -0.566406 -0.824126 -0.000000
vn 0.000000 0.000000 -1.000000
vn 0.000000 0.000000 -1.000000
vn 0.000000 -0.000000 1.000000
vn 0.000000 0.000000 1.000000
vn 0.522499 0.852640 0.000000
vn 0.522499 0.852640 0.000000
vn -0.522499 -0.852640 -0.000000
vn -0.522499 -0.852640 -0.000000
vn 0.000000 0.000000 -1.000000
vn 0.000000 0.000000 -1.000000
vn 0.000000 -0.000000 1.000000
vn 0.000000 0.000000 1.000000
vn 0.477159 0.878817 0.000000
vn 0.477159 0.878817 0.000000
vn -0.477159 -0.878817 -0.000000
vn -0.477159 -0.878817 -0.000000
vn 0.000000 0.000000 -1.000000
vn 0.000000 0.000000 -1.000000
vn 0.000000 -0.000000 1.000000
vn 0.000000 0.000000 1.000000
vn 0.430511 0.902585 0.000000
vn 0.430511 0.902585 0.000000
vn -0.430511 -0.902585 -0.000000
vn -0.430511 -0.902585 -0.000000
vn 0.000000 0.000000 -1.000000
vn 0.000000 0.000000 -1.000000
vn 0.000000 -0.000000 1.000000
vn 0.000000 0.000000 1.000000
vn 0.382683 0.923880 0.000000
vn 0.382683 0.923880 0.000000
vn -0.382683 -0.923880 -0.000000
vn -0.382683 -0.923880 -0.000000
vn 0.000000 0.000000 -1.000000
vn 0.000000 0.000000 -1.000000
vn 0.000000 -0.000000 1.000000
vn 0.000000 0.000000 1.000000
vn 0.333807 0.942641 0.000000
vn 0.333807 0.942641 0.000000
vn -0.333807 -0.942641 -0.000000
vn -0.333807 -0.942641 -0.000000
vn 0.000000 0.000000 -1.000000
vn 0.000000 0.000000 -1.000000
vn 0.000000 -0.000000 1.000000
vn 0.000000 0.000000 1.000000
vn 0.284015 0.958820 0.000000
vn 0.284015 0.958820 0.000000
vn -0.284015 -0.958820 -0.000000
vn -0.284015 -0.958820 -0.000000
vn 0.000000 0.000000 -1.000000
vn 0.000000 0.000000 -1.000000
vn 0.000000 -0.000000 1.000000
vn 0.000000 0.000000 1.000000
vn 0.233445 0.972370 0.000000
vn 0.233445 0.972370 0.000000
vn -0.233445 -0.972370 -0.000000
vn -0.233445 -0.972370 -0.000000
vn 0.000000 0.000000 -1.000000
vn 0.000000 0.000000 -1.000000
vn 0.000000 -0.000000 1.000000
vn 0.000000 0.000000 1.000000
vn 0.182236 0.983255 0.000000
vn 0.182236 0.983255 0.000000
vn -0.182236 -0.983255 -0.000000
vn -0.182236 -0.983255 -0.000000
vn 0.000000 0.000000 -1.000000
vn 0.000000 0.000000 -1.000000
vn 0.000000 -0.000000 1.000000
vn 0.000000 0.000000 1.000000
vn 0.130526 0.991445 0.000000
vn 0.130526 0.991445 0.000000
vn -0.130526 -0.991445 -0.000000
vn -0.130526 -0.991445 -0.000000
vn 0.000000 0.000000 -1.000000
vn 0.000000 0.000000 -1.000000
vn 0.000000 0.000000 1.000000
vn 0.000000 -0.000000 1.000000
vn 0.078459 0.996917 0.000000
vn 0.078459 0.996917 0.000000
vn -0.078459 -0.996917 -0.000000
vn -0.078459 -0.996917 -0.000000
vn 0.000000 0.000000 -1.000000
vn 0.000000 0.000000 -1.000000
vn 0.000000 0.000000 1.000000
vn 0.000000 -0.000000 1.000000
vn 0.026177 0.999657 0.000000
vn 0.026177 0.999657 0.000000
vn -0.026177 -0.999657 -0.000000
vn -0.026177 -0.999657 -0.000000
vn -0.000000 0.000000 -1.000000
vn 0.000000 0.000000 -1.000000
vn 0.000000 0.000000 1.000000
vn 0.000000 -0.000000 1.000000
vn -0.026177 0.999657 0.000000
vn -0.026177 0.999657 0.000000
vn 0.026177 -0.999657 0.000000
vn 0.026177 -0.999657 0.000000
vn -0.000000 0.000000 -1.000000
vn 0.000000 0.000000 -1.000000
vn 0.000000 0.000000 1.000000
vn 0.000000 0.000000 1.000000
vn -0.078459 0.996917 0.000000
vn -0.078459 0.996917 0.000000
vn 0.078459 -0.996917 0.000000
vn 0.078459 -0.996917 0.000000
vn -0.000000 0.000000 -1.000000
vn 0.000000 0.000000 -1.000000
vn 0.000000 0.000000 1.000000
vn 0.000000 0.000000 1.000000
vn -0.130526 0.991445 0.000000
vn -0.130526 0.991445 0.000000
vn 0.130526 -0.991445 0.000000
vn 0.130526 -0.991445 0.000000
vn -0.000000 0.000000 -1.000000
vn 0.000000 0.000000 -1.000000
vn 0.000000 0.000000 1.000000
vn 0.000000 0.000000 1.000000
vn -0.182236 0.983255 0.000000
vn -0.182236 0.983255 0.000000
vn 0.182236 -0.983255 0.000000
vn 0.182236 -0.983255 0.000000
vn -0.000000 0.000000 -1.000000
vn 0.000000 0.000000 -1.000000
vn 0.000000 0.000000 1.000000
vn 0.000000 0.000000 1.000000
vn -0.233445 0.972370 0.000000
vn -0.233445 0.972370 0.000000
vn 0.233445 -0.972370 0.000000
vn 0.233445 -0.972370 0.000000
vn -0.000000 0.000000 -1.000000
vn 0.000000 0.000000 -1.000000
vn 0.000000 0.000000 1.000000
vn 0.000000 0.000000 1.000000
vn -0.284015 0.958820 0.000000
vn -0.284015 0.958820 0.000000
vn 0.284015 -0.958820 0.000000
vn 0.284015 -0.958820 0.000000
vn -0.000000 0.000000 -1.000000
vn 0.000000 0.000000 -1.000000
vn 0.000000 0.000000 1.000000
vn 0.000000 0.000000 1.000000
vn -0.333807 0.942641 0.000000
vn -0.333807 0.942641 0.000000
vn 0.333807 -0.942641 0.000000
vn 0.333807 -0.942641 0.000000
vn -0.000000 0.000000 -1.000000
vn 0.000000 0.000000 -1.000000
vn 0.000000 0.000000 1.000000
vn 0.000000 0.000000 1.000000
vn -0.382683 0.923880 0.000000
vn -0.382683 0.923880 0.000000
vn 0.382683 -0.923880 0.000000
vn 0.382683 -0.923880 0.000000
vn -0.000000 0.000000 -1.000000
vn 0.000000 0.000000 -1.000000
vn 0.000000 0.000000 1.000000
vn 0.000000 0.000000 1.000000
vn -0.430511 0.902585 0.000000
vn -0.430511 0.902585 0.000000
vn 0.430511 -0.902585 0.000000
vn 0.430511 -0.902585 0.000000
vn -0.000000 0.000000 -1.000000
vn 0.000000 0.000000 -1.000000
vn 0.000000 0.000000 1.000000
vn 0.000000 0.000000 1.000000
vn -0.477159 0.878817 0.000000
vn -0.477159 0.878817 0.000000
vn 0.477159 -0.878817 0.000000
vn 0.477159 -0.878817 0.000000
vn -0.000000 0.000000 -1.000000
vn 0.000000 0.000000 -1.000000
vn 0.000000 0.000000 1.000000
vn 0.000000 0.000000 1.000000
vn -0.522499 0.852640 0.000000
vn -0.522499 0.852640 0.000000
vn 0.522499 -0.852640 0.000000
vn 0.522499 -0.852640 0.000000
vn -0.000000 0.000000 -1.000000
vn 0.000000 0.000000 -1.000000
vn 0.000000 0.000000 1.000000
vn 0.000000 0.000000 1.000000
vn -0.566406 0.824126 0.000000
vn -0.566406 0.824126 0.000000
vn 0.566406 -0.824126 0.000000
vn 0.566406 -0.824126 0.000000
vn -0.000000 0.000000 -1.000000
vn 0.000000 0.000000 -1.000000
vn 0.000000 0.000000 1.000000
vn 0.000000 0.000000 1.000000
vn -0.608761 0.793353 0.000000
vn -0.608761 0.793353 0.000000
vn 0.608761 -0.793353 0.000000
vn 0.608761 -0.793353 0.000000
vn -0.000000 0.000000 -1.000000
vn 0.000000 0.000000 -1.000000
vn 0.000000 0.000000 1.000000
vn 0.000000 0.000000 1.000000
vn -0.649448 0.760406 0.000000
vn -0.649448 0.760406 0.000000
vn 0.649448 -0.760406 0.000000
vn 0.649448 -0.760406 0.000000
vn -0.000000 0.000000 -1.000000
vn 0.000000 0.000000 -1.000000
vn 0.000000 0.000000 1.000000
vn 0.000000 0.000000 1.000000
vn -0.688355 0.725374 0.000000
vn -0.688355 0.725374 0.000000
vn 0.688355 -0.725374 0.000000
vn 0.688355 -0.725374 0.000000
vn -0.000000 0.000000 -1.000000
vn 0.000000 0.000000 -1.000000
vn 0.000000 0.000000 1.000000
vn 0.000000 0.000000 1.000000
vn -0.725374 0.688355 0.000000
vn -0.725374 0.688355 0.000000
vn 0.725374 -0.688355 0.000000
vn 0.725374 -0.688355 0.000000
vn -0.000000 0.000000 -1.000000
vn 0.000000 0.000000 -1.000000
vn 0.000000 0.000000 1.000000
vn 0.000000 0.000000 1.000000
vn -0.760406 0.649448 0.000000
vn -0.760406 0.649448 0.000000
vn 0.760406 -0.649448 0.000000
vn 0.760406 -0.649448 0.000000
vn -0.000000 0.000000 -1.000000
vn 0.000000 0.000000 -1.000000
vn 0.000000 0.000000 1.000000
vn 0.000000 0.000000 1.000000
vn -0.793353 0.608761 0.000000
vn -0.793353 0.608761 0.000000
vn 0.793353 -0.608761 0.000000
vn 0.793353 -0.608761 0.000000
vn -0.000000 0.000000 -1.000000
vn 0.000000 0.000000 -1.000000
vn 0.000000 0.000000 1.000000
vn 0.000000 0.000000 1.000000
vn -0.824126 0.566406 0.000000
vn -0.824126 0.566406 0.000000
vn 0.824126 -0.566406 0.000000
vn 0.824126 -0.566406 0.000000
vn -0.000000 0.000000 -1.000000
vn 0.000000 0.000000 -1.000000
vn 0.000000 0.000000 1.000000
vn 0.000000 0.000000 1.000000
vn -0.852640 0.522499 0.000000
vn -0.852640 0.522499 0.000000
vn 0.852640 -0.522499 0.000000
vn 0.852640 -0.522499 0.000000
vn -0.000000 0.000000 -1.000000
vn 0.000000 0.000000 -1.000000
vn 0.000000 0.000000 1.000000
vn 0.000000 0.000000 1.000000
vn -0.878817 0.477159 0.000000
vn -0.878817 0.477159 0.000000
vn 0.878817 -0.477159 0.000000
vn 0.878817 -0.477159 0.000000
vn -0.000000 0.000000 -1.000000
vn 0.000000 0.000000 -1.000000
vn 0.000000 0.000000 1.000000
vn 0.000000 0.000000 1.000000
vn -0.902585 0.430511 0.000000
vn -0.902585 0.430511 0.000000
vn 0.902585 -0.430511 0.000000
vn 0.902585 -0.430511 0.000000
vn -0.000000 0.000000 -1.000000
vn 0.000000 0.000000 -1.000000
vn 0.000000 0.000000 1.000000
vn 0.000000 0.000000 1.000000
vn -0.923880 0.382683 0.000000
vn -0.923880 0.382683 0.000000
vn 0.923880 -0.382683 0.000000
vn 0.923880 -0.382683 0.000000
vn -0.000000 0.000000 -1.000000
vn 0.000000 0.000000 -1.000000
vn 0.000000 0.000000 1.000000
vn 0.000000 0.000000 1.000000
vn -0.942641 0.333807 0.000000
vn -0.942641 0.333807 0.000000
vn 0.942641 -0.333807 0.000000
vn 0.942641 -0.333807 0.000000
vn -0.000000 0.000000 -1.000000
vn 0.000000 0.000000 -1.000000
vn 0.000000 0.000000 1.000000
vn 0.000000 0.000000 1.000000
vn -0.958820 0.284015 0.000000
vn -0.958820 0.284015 0.000000
vn 0.958820 -0.284015 0.000000
vn 0.958820 -0.284015 0.000000
vn -0.000000 0.000000 -1.000000
vn 0.000000 0.000000 -1.000000
vn 0.000000 0.000000 1.000000
vn 0.000000 0.000000 1.000000
vn -0.972370 0.233445 0.000000
vn -0.972370 0.233445 0.000000
vn 0.972370 -0.233445 0.000000
vn 0.972370 -0.233445 0.000000
vn -0.000000 0.000000 -1.000000
vn 0.000000 0.000000 -1.000000
vn 0.000000 0.000000 1.000000
vn 0.000000 0.000000 1.000000
vn -0.983255 0.182236 0.000000
vn -0.983255 0.182236 0.000000
vn 0.983255 -0.182236 0.000000
vn 0.983255 -0.182236 0.000000
vn -0.000000 0.000000 -1.000000
vn 0.000000 0.000000 -1.000000
vn 0.000000 0.000000 1.000000
vn 0.000000 0.000000 1.000000
vn -0.991445 0.130526 0.000000
vn -0.991445 0.130526 0.000000
vn 0.991445 -0.130526 0.000000
vn 0.991445 -0.130526 0.000000
vn 0.000000 0.000000 -1.000000
vn -0.000000 0.000000 -1.000000
vn 0.000000 0.000000 1.000000
vn 0.000000 0.000000 1.000000
vn -0.996917 0.078459 0.000000
vn -0.996917 0.078459 0.000000
vn 0.996917 -0.078459 0.000000
vn 0.996917 -0.078459 0.000000
vn 0.000000 0.000000 -1.000000
vn -0.000000 0.000000 -1.000000
vn 0.000000 0.000000 1.000000
vn 0.000000 0.000000 1.000000
vn -0.999657 0.026177 0.000000
vn -0.999657 0.026177 0.000000
vn 0.999657 -0.026177 0.000000
vn 0.999657 -0.026177 0.000000
vn 0.000000 -0.000000 -1.000000
vn -0.000000 0.000000 -1.000000
vn 0.000000 0.000000 1.000000
vn 0.000000 0.000000 1.000000
vn -0.999657 -0.026177 -0.000000
vn -0.999657 -0.026177 -0.000000
vn 0.999657 0.026177 0.000000
vn 0.999657 0.026177 0.000000
vn 0.000000 -0.000000 -1.000000
vn 0.000000 0.000000 -1.000000
vn 0.000000 0.000000 1.000000
vn 0.000000 0.000000 1.000000
vn -0.996917 -0.078459 -0.000000
vn -0.996917 -0.078459 -0.000000
vn 0.996917 0.078459 0.000000
vn 0.996917 0.078459 0.000000
vn 0.000000 -0.000000 -1.000000
vn 0.000000 0.000000 -1.000000
vn 0.000000 0.000000 1.000000
vn 0.000000 0.000000 1.000000
vn -0.991445 -0.130526 -0.000000
vn -0.991445 -0.130526 -0.000000
vn 0.991445 0.130526 0.000000
vn 0.991445 0.130526 0.000000
vn 0.000000 -0.000000 -1.000000
vn 0.000000 0.000000 -1.000000
vn 0.000000 0.000000 1.000000
vn 0.000000 0.000000 1.000000
vn -0.983255 -0.182236 -0.000000
vn -0.983255 -0.182236 -0.000000
vn 0.983255 0.182236 0.000000
vn 0.983255 0.182236 0.000000
vn 0.000000 -0.000000 -1.000000
vn 0.000000 0.000000 -1.000000
vn 0.000000 0.000000 1.000000
vn 0.000000 0.000000 1.000000
vn -0.972370 -0.233445 -0.000000
vn -0.972370 -0.233445 -0.000000
vn 0.972370 0.233445 0.000000
vn 0.972370 0.233445 0.000000
vn 0.000000 -0.000000 -1.000000
vn 0.000000 0.000000 -1.000000
vn 0.000000 0.000000 1.000000
vn 0.000000 0.000000 1.000000
vn -0.958820 -0.284015 -0.000000
vn -0.958820 -0.284015 -0.000000
vn 0.958820 0.284015 0.000000
vn 0.958820 0.284015 0.000000
vn 0.000000 -0.000000 -1.000000
vn 0.000000 0.000000 -1.000000
vn 0.000000 0.000000 1.000000
vn 0.000000 0.000000 1.000000
vn -0.942641 -0.333807 -0.000000
vn -0.942641 -0.333807 -0.000000
vn 0.942641 0.333807 0.000000
vn 0.942641 0.333807 0.000000
vn 0.000000 -0.000000 -1.000000
vn 0.000000 0.000000 -1.000000
vn 0.000000 0.000000 1.000000
vn 0.000000 0.000000 1.000000
vn -0.923880 -0.382683 -0.000000
vn -0.923880 -0.382683 -0.000000
vn 0.923880 0.382683 0.000000
vn 0.923880 0.382683 0.000000
vn 0.000000 -0.000000 -1.000000
vn 0.000000 0.000000 -1.000000
vn 0.000000 0.000000 1.000000
vn 0.000000 0.000000 1.000000
vn -0.902585 -0.430511 -0.000000
vn -0.902585 -0.430511 -0.000000
vn 0.902585 0.430511 0.000000
vn 0.902585 0.430511 0.000000
vn 0.000000 -0.000000 -1.000000
vn 0.000000 0.000000 -1.000000
vn 0.000000 0.000000 1.000000
vn 0.000000 0.000000 1.000000
vn -0.878817 -0.477159 -0.000000
vn -0.878817 -0.477159 -0.000000
vn 0.878817 0.477159 0.000000
vn 0.878817 0.477159 0.000000
vn 0.000000 -0.000000 -1.000000
vn 0.000000 0.000000 -1.000000
vn 0.000000 0.000000 1.000000
vn 0.000000 0.000000 1.000000
vn -0.852640 -0.522499 -0.000000
vn -0.852640 -0.522499 -0.000000
vn 0.852640 0.522499 0.000000
vn 0.852640 0.522499 0.000000
vn 0.000000 -0.000000 -1.000000
vn 0.000000 0.000000 -1.000000
vn 0.000000 0.000000 1.000000
vn 0.000000 0.000000 1.000000
vn -0.824126 -0.566406 -0.000000
vn -0.824126 -0.566406 -0.000000
vn 0.824126 0.566406 0.000000
vn 0.824126 0.566406 0.000000
vn 0.000000 -0.000000 -1.000000
vn 0.000000 0.000000 -1.000000
vn 0.000000 0.000000 1.000000
vn 0.000000 0.000000 1.000000
vn -0.793353 -0.608761 -0.000000
vn -0.793353 -0.608761 -0.000000
vn 0.793353 0.608761 0.000000
vn 0.793353 0.608761 0.000000
vn 0.000000 -0.000000 -1.000000
vn 0.000000 0.000000 -1.000000
vn 0.000000 0.000000 1.000000
vn 0.000000 0.000000 1.000000
vn -0.760406 -0.649448 -0.000000
vn -0.760406 -0.649448 -0.000000
vn 0.760406 0.649448 0.000000
vn 0.760406 0.649448 0.000000
vn 0.000000 -0.000000 -1.000000
vn 0.000000 0.000000 -1.000000
vn 0.000000 0.000000 1.000000
vn 0.000000 0.000000 1.000000
vn -0.725374 -0.688355 -0.000000
vn -0.725374 -0.688355 -0.000000
vn 0.725374 0.688355 0.000000
vn 0.725374 0.688355 0.000000
vn 0.000000 -0.000000 -1.000000
vn 0.000000 0.000000 -1.000000
vn 0.000000 0.000000 1.000000
vn 0.000000 0.000000 1.000000
vn -0.688355 -0.725374 -0.000000
vn -0.688355 -0.725374 -0.000000
vn 0.688355 0.725374 0.000000
vn 0.688355 0.725374 0.000000
vn 0.000000 -0.000000 -1.000000
vn 0.000000 0.000000 -1.000000
vn 0.000000 0.000000 1.000000
vn 0.000000 0.000000 1.000000
vn -0.649448 -0.760406 -0.000000
vn -0.649448 -0.760406 -0.000000
vn 0.649448 0.760406 0.000000
vn 0.649448 0.760406 0.000000
vn 0.000000 -0.000000 -1.000000
vn 0.000000 0.000000 -1.000000
vn 0.000000 0.000000 1.000000
vn 0.000000 0.000000 1.000000
vn -0.608761 -0.793353 -0.000000
vn -0.608761 -0.793353 -0.000000
vn 0.608761 0.793353 0.000000
vn 0.608761 0.793353 0.000000
vn 0.000000 -0.000000 -1.000000
vn 0.000000 0.000000 -1.000000
vn 0.000000 0.000000 1.000000
vn 0.000000 0.000000 1.000000
vn -0.566406 -0.824126 -0.000000
vn -0.566406 -0.824126 -0.000000
vn 0.566406 0.824126 0.000000
vn 0.566406 0.824126 0.000000
vn 0.000000 -0.000000 -1.000000
vn 0.000000 0.000000 -1.000000
vn 0.000000 0.000000 1.000000
vn 0.000000 0.000000 1.000000
vn -0.522499 -0.852640 -0.000000
vn -0.522499 -0.852640 -0.000000
vn 0.522499 0.852640 0.000000
vn 0.522499 0.852640 0.000000
vn 0.000000 -0.000000 -1.000000
vn 0.000000 0.000000 -1.000000
vn 0.000000 0.000000 1.000000
vn 0.000000 0.000000 1.000000
vn -0.477159 -0.878817 -0.000000
vn -0.477159 -0.878817 -0.000000
vn 0.477159 0.878817 0.000000
vn 0.477159 0.878817 0.000000
vn 0.000000 -0.000000 -1.000000
vn 0.000000 0.000000 -1.000000
vn 0.000000 0.000000 1.000000
vn 0.000000 0.000000 1.000000
vn -0.430511 -0.902585 -0.000000
vn -0.430511 -0.902585 -0.000000
vn 0.430511 0.902585 0.000000
vn 0.430511 0.902585 0.000000
vn 0.000000 -0.000000 -1.000000
vn 0.000000 0.000000 -1.000000
vn 0.000000 0.000000 1.000000
vn 0.000000 0.000000 1.000000
vn -0.382683 -0.923880 -0.000000
vn -0.382683 -0.923880 -0.000000
vn 0.382683 0.923880 0.000000
vn 0.382683 0.923880 0.000000
vn 0.000000 -0.000000 -1.000000
vn 0.000000 0.000000 -1.000000
vn 0.000000 0.000000 1.000000
vn 0.000000 0.000000 1.000000
vn -0.333807 -0.942641 -0.000000
vn -0.333807 -0.942641 -0.000000
vn 0.333807 0.942641 0.000000
vn 0.333807 0.942641 0.000000
vn 0.000000 -0.000000 -1.000000
vn 0.000000 0.000000 -1.000000
vn 0.000000 0.000000 1.000000
vn 0.000000 0.000000 1.000000
vn -0.284015 -0.958820 -0.000000
vn -0.284015 -0.958820 -0.000000
vn 0.284015 0.958820 0.000000
vn 0.284015 0.958820 0.000000
vn 0.000000 -0.000000 -1.000000
vn 0.000000 0.000000 -1.000000
vn 0.000000 0.000000 1.000000
vn 0.000000 0.000000 1.000000
vn -0.233445 -0.972370 -0.000000
vn -0.233445 -0.972370 -0.000000
vn 0.233445 0.972370 0.000000
vn 0.233445 0.972370 0.000000
vn 0.000000 -0.000000 -1.000000
vn 0.000000 0.000000 -1.000000
vn 0.000000 0.000000 1.000000
vn 0.000000 0.000000 1.000000
vn -0.182236 -0.983255 -0.000000
vn -0.182236 -0.983255 -0.000000
vn 0.182236 0.983255 0.000000
vn 0.182236 0.983255 0.000000
vn 0.000000 -0.000000 -1.000000
vn 0.000000 0.000000 -1.000000
vn 0.000000 0.000000 1.000000
vn 0.000000 0.000000 1.000000
vn -0.130526 -0.991445 -0.000000
vn -0.130526 -0.991445 -0.000000
vn 0.130526 0.991445 0.000000
vn 0.130526 0.991445 0.000000
vn 0.000000 0.000000 -1.000000
vn 0.000000 -0.000000 -1.000000
vn 0.000000 0.000000 1.000000
vn 0.000000 0.000000 1.000000
vn -0.078459 -0.996917 -0.000000
vn -0.078459 -0.996917 -0.000000
vn 0.078459 0.996917 0.000000
vn 0.078459 0.996917 0.000000
vn 0.000000 0.000000 -1.000000
vn 0.000000 -0.000000 -1.000000
vn 0.000000 0.000000 1.000000
vn 0.000000 0.000000 1.000000
vn -0.026177 -0.999657 -0.000000
vn -0.026177 -0.999657 -0.000000
vn 0.026177 0.999657 0.000000
vn 0.026177 0.999657 0.000000
vn 0.000000 0.000000 -1.000000
vn 0.000000 -0.000000 -1.000000
vn -0.000000 0.000000 1.000000
vn 0.000000 0.000000 1.000000
vn 0.026177 -0.999657 0.000000
vn 0.026177 -0.999657 0.000000
vn -0.026177 0.999657 0.000000
vn -0.026177 0.999657 0.000000
vn 0.000000 0.000000 -1.000000
vn 0.000000 0.000000 -1.000000
vn -0.000000 0.000000 1.000000
vn 0.000000 0.000000 1.000000
vn 0.078459 -0.996917 0.000000
vn 0.078459 -0.996917 0.000000
vn -0.078459 0.996917 0.000000
vn -0.078459 0.996917 0.000000
vn 0.000000 0.000000 -1.000000
vn 0.000000 0.000000 -1.000000
vn -0.000000 0.000000 1.000000
vn 0.000000 0.000000 1.000000
vn 0.130526 -0.991445 0.000000
vn 0.130526 -0.991445 0.000000
vn -0.130526 0.991445 0.000000
vn -0.130526 0.991445 0.000000
vn 0.000000 0.000000 -1.000000
vn 0.000000 0.000000 -1.000000
vn -0.000000 0.000000 1.000000
vn 0.000000 0.000000 1.000000
vn 0.182236 -0.983255 0.000000
vn 0.182236 -0.983255 0.000000
vn -0.182236 0.983255 0.000000
vn -0.182236 0.983255 0.000000
vn 0.000000 0.000000 -1.000000
vn 0.000000 0.000000 -1.000000
vn -0.000000 0.000000 1.000000
vn 0.000000 0.000000 1.000000
vn 0.233445 -0.972370 0.000000
vn 0.233445 -0.972370 0.000000
vn -0.233445 0.972370 0.000000
vn -0.233445 0.972370 0.000000
vn 0.000000 0.000000 -1.000000
vn 0.000000 0.000000 -1.000000
vn -0.000000 0.000000 1.000000
vn 0.000000 0.000000 1.000000
vn 0.284015 -0.958820 0.000000
vn 0.284015 -0.958820 0.000000
vn -0.284015 0.958820 0.000000
vn -0.284015 0.958820 0.000000
vn 0.000000 0.000000 -1.000000
vn 0.000000 0.000000 -1.000000
vn -0.000000 0.000000 1.000000
vn 0.000000 0.000000 1.000000
vn 0.333807 -0.942641 0.000000
vn 0.333807 -0.942641 0.000000
vn -0.333807 0.942641 0.000000
vn -0.333807 0.942641 0.000000
vn 0.000000 0.000000 -1.000000
vn 0.000000 0.000000 -1.000000
vn -0.000000 0.000000 1.000000
vn 0.000000 0.000000 1.000000
vn 0.382683 -0.923880 0.000000
vn 0.382683 -0.923880 0.000000
vn -0.382683 0.923880 0.000000
vn -0.382683 0.923880 0.000000
vn 0.000000 0.000000 -1.000000
vn 0.000000 0.000000 -1.000000
vn -0.000000 0.000000 1.000000
vn 0.000000 0.000000 1.000000
vn 0.430511 -0.902585 0.000000
vn 0.430511 -0.902585 0.000000
vn -0.430511 0.902585 0.000000
vn -0.430511 0.902585 0.000000
vn 0.000000 0.000000 -1.000000
vn 0.000000 0.000000 -1.000000
vn -0.000000 0.000000 1.000000
vn 0.000000 0.000000 1.000000
vn 0.477159 -0.878817 0.000000
vn 0.477159 -0.878817 0.000000
vn -0.477159 0.878817 0.000000
vn -0.477159 0.878817 0.000000
vn 0.000000 0.000000 -1.000000
vn 0.000000 0.000000 -1.000000
vn -0.000000 0.000000 1.000000
vn 0.000000 0.000000 1.000000
vn 0.522499 -0.852640 0.000000
vn 0.522499 -0.852640 0.000000
vn -0.522499 0.852640 0.000000
vn -0.522499 0.852640 0.000000
vn 0.000000 0.000000 -1.000000
vn 0.000000 0.000000 -1.000000
vn -0.000000 0.000000 1.000000
vn 0.000000 0.000000 1.000000
vn 0.566406 -0.824126 0.000000
vn 0.566406 -0.824126 0.000000
vn -0.566406 0.824126 0.000000
vn -0.566406 0.824126 0.000000
vn 0.000000 0.000000 -1.000000
vn 0.000000 0.000000 -1.000000
vn -0.000000 0.000000 1.000000
vn 0.000000 0.000000 1.000000
vn 0.608761 -0.793353 0.000000
vn 0.608761 -0.793353 0.000000
vn -0.608761 0.793353 0.000000
vn -0.608761 0.793353 0.000000
vn 0.000000 0.000000 -1.000000
vn 0.000000 0.000000 -1.000000
vn -0.000000 0.000000 1.000000
vn 0.000000 0.000000 1.000000
vn 0.649448 -0.760406 0.000000
vn 0.649448 -0.760406 0.000000
vn -0.649448 0.760406 0.000000
vn -0.649448 0.760406 0.000000
vn 0.000000 0.000000 -1.000000
vn 0.000000 0.000000 -1.000000
vn -0.000000 0.000000 1.000000
vn 0.000000 0.000000 1.000000
vn 0.688355 -0.725374 0.000000
vn 0.688355 -0.725374 0.000000
vn -0.688355 0.725374 0.000000
vn -0.688355 0.725374 0.000000
vn 0.000000 0.000000 -1.000000
vn 0.000000 0.000000 -1.000000
vn -0.000000 0.000000 1.000000
vn 0.000000 0.000000 1.000000
vn 0.725374 -0.688355 0.000000
vn 0.725374 -0.688355 0.000000
vn -0.725374 0.688355 0.000000
vn -0.725374 0.688355 0.000000
vn 0.000000 0.000000 -1.000000
vn 0.000000 0.000000 -1.000000
vn -0.000000 0.000000 1.000000
vn 0.000000 0.000000 1.000000
vn 0.760406 -0.649448 0.000000
vn 0.760406 -0.649448 0.000000
vn -0.760406 0.649448 0.000000
vn -0.760406 0.649448 0.000000
vn 0.000000 0.000000 -1.000000
vn 0.000000 0.000000 -1.000000
vn -0.000000 0.000000 1.000000
vn 0.000000 0.000000 1.000000
vn 0.793353 -0.608761 0.000000
vn 0.793353 -0.608761 0.000000
vn -0.793353 0.608761 0.000000
vn -0.793353 0.608761 0.000000
vn 0.000000 0.000000 -1.000000
vn 0.000000 0.000000 -1.000000
vn -0.000000 0.000000 1.000000
vn 0.000000 0.000000 1.000000
vn 0.824126 -0.566406 0.000000
vn 0.824126 -0.566406 0.000000
vn -0.824126 0.566406 0.000000
vn -0.824126 0.566406 0.000000
vn 0.000000 0.000000 -1.000000
vn 0.000000 0.000000 -1.000000
vn -0.000000 0.000000 1.000000
vn 0.000000 0.000000 1.000000
vn 0.852640 -0.522499 0.000000
vn 0.852640 -0.522499 0.000000
vn -0.852640 0.522499 0.000000
vn -0.852640 0.522499 0.000000
vn 0.000000 0.000000 -1.000000
vn 0.000000 0.000000 -1.000000
vn -0.000000 0.000000 1.000000
vn 0.000000 0.000000 1.000000
vn 0.878817 -0.477159 0.000000
vn 0.878817 -0.477159 0.000000
vn -0.878817 0.477159 0.000000
vn -0.878817 0.477159 0.000000
vn 0.000000 0.000000 -1.000000
vn 0.000000 0.000000 -1.000000
vn -0.000000 0.000000 1.000000
vn 0.000000 0.000000 1.000000
vn 0.902585 -0.430511 0.000000
vn 0.902585 -0.430511 0.000000
vn -0.902585 0.430511 0.000000
vn -0.902585 0.430511 0.000000
vn 0.000000 0.000000 -1.000000
vn 0.000000 0.000000 -1.000000
vn -0.000000 0.000000 1.000000
vn 0.000000 0.000000 1.000000
vn 0.923880 -0.382683 0.000000
vn 0.923880 -0.382683 0.000000
vn -0.923880 0.382683 0.000000
vn -0.923880 0.382683 0.000000
vn 0.000000 0.000000 -1.000000
vn 0.000000 0.000000 -1.000000
vn -0.000000 0.000000 1.000000
vn 0.000000 0.000000 1.000000
vn 0.942641 -0.333807 0.000000
vn 0.942641 -0.333807 0.000000
vn -0.942641 0.333807 0.000000
vn -0.942641 0.333807 0.000000
vn 0.000000 0.000000 -1.000000
vn 0.000000 0.000000 -1.000000
vn -0.000000 0.000000 1.000000
vn 0.000000 0.000000 1.000000
vn 0.958820 -0.284015 0.000000
vn 0.958820 -0.284015 0.000000
vn -0.958820 0.284015 0.000000
vn -0.958820 0.284015 0.000000
vn 0.000000 0.000000 -1.000000
vn 0.000000 0.000000 -1.000000
vn -0.000000 0.000000 1.000000
vn 0.000000 0.000000 1.000000
vn 0.972370 -0.233445 0.000000
vn 0.972370 -0.233445 0.000000
vn -0.972370 0.233445 0.000000
vn -0.972370 0.233445 0.000000
vn 0.000000 0.000000 -1.000000
vn 0.000000 0.000000 -1.000000
vn -0.000000 0.000000 1.000000
vn 0.000000 0.000000 1.000000
vn 0.983255 -0.182236 0.000000
vn 0.983255 -0.182236 0.000000
vn -0.983255 0.182236 0.000000
vn -0.983255 0.182236 0.000000
vn 0.000000 0.000000 -1.000000
vn 0.000000 0.000000 -1.000000
vn -0.000000 0.000000 1.000000
vn 0.000000 0.000000 1.000000
vn 0.991445 -0.130526 0.000000
vn 0.991445 -0.130526 0.000000
vn -0.991445 0.130526 0.000000
vn -0.991445 0.130526 0.000000
vn 0.000000 0.000000 -1.000000
vn 0.000000 0.000000 -1.000000
vn 0.000000 0.000000 1.000000
vn -0.000000 0.000000 1.000000
vn 0.996917 -0.078459 0.000000
vn 0.996917 -0.078459 0.000000
vn -0.996917 0.078459 0.000000
vn -0.996917 0.078459 0.000000
vn 0.000000 0.000000 -1.000000
vn 0.000000 0.000000 -1.000000
vn 0.000000 0.000000 1.000000
vn -0.000000 0.000000 1.000000
vn 0.999657 -0.026177 0.000000
vn 0.999657 -0.026177 0.000000
vn -0.999657 0.026177 0.000000
vn -0.999657 0.026177 0.000000
vn 0.098885 0.040959 0.994256
vn 0.040959 0.098885 0.994256
vn -0.040959 0.098885 0.994256
vn -0.098885 0.040959 0.994256
vn -0.098885 -0.040959 0.994256
vn -0.040959 -0.098885 0.994256
vn 0.040959 -0.098885 0.994256
vn 0.098885 -0.040959 0.994256
vn -0.314178 -0.130137 -0.940402
vn -0.314178 -0.130137 -0.940402
vn -0.130137 -0.314178 -0.940402
vn -0.130137 -0.314178 -0.940402
vn 0.130137 -0.314178 -0.940402
vn 0.130137 -0.314178 -0.940402
vn 0.314178 -0.130137 -0.940402
vn 0.314178 -0.130137 -0.940402
vn 0.314178 0.130137 -0.940402
vn 0.314178 0.130137 -0.940402
vn 0.130137 0.314178 -0.940402
vn 0.130137 0.314178 -0.940402
vn -0.130137 0.314178 -0.940402
vn -0.130137 0.314178 -0.940402
vn -0.314178 0.130137 -0.940402
vn -0.314178 0.130137 -0.940402
vn -0.581491 -0.240862 -0.777080
vn -0.581491 -0.240862 -0.777080
vn -0.240862 -0.581491 -0.777080
vn -0.240862 -0.581491 -0.777080
vn 0.240862 -0.581491 -0.777080
vn 0.240862 -0.581491 -0.777080
vn 0.581491 -0.240862 -0.777080
vn 0.581491 -0.240862 -0.777080
vn 0.581491 0.240862 -0.777080
vn 0.581491 0.240862 -0.777080
vn 0.240862 0.581491 -0.777080
vn 0.240862 0.581491 -0.777080
vn -0.240862 0.581491 -0.777080
vn -0.240862 0.581491 -0.777080
vn -0.581491 0.240862 -0.777080
vn -0.581491 0.240862 -0.777080
vn -0.867163 -0.359191 -0.344979
vn -0.867163 -0.359191 -0.344979
vn -0.359191 -0.867163 -0.344979
vn -0.359191 -0.867163 -0.344979
vn 0.359191 -0.867163 -0.344979
vn 0.359191 -0.867163 -0.344979
vn 0.867163 -0.359191 -0.344979
vn 0.867163 -0.359191 -0.344979
vn 0.867163 0.359191 -0.344979
vn 0.867163 0.359191 -0.344979
vn 0.359191 0.867163 -0.344979
vn 0.359191 0.867163 -0.344979
vn -0.359191 0.867163 -0.344979
vn -0.359191 0.867163 -0.344979
vn -0.867163 0.359191 -0.344979
vn -0.867163 0.359191 -0.344979
vn -0.867163 -0.359191 0.344979
vn -0.867163 -0.359191 0.344979
vn -0.359191 -0.867163 0.344979
vn -0.359191 -0.867163 0.344979
vn 0.359191 -0.867163 0.344979
vn 0.359191 -0.867163 0.344979
vn 0.867163 -0.359191 0.344979
vn 0.867163 -0.359191 0.344979
vn 0.867163 0.359191 0.344979
vn 0.867163 0.359191 0.344979
vn 0.359191 0.867163 0.344979
vn 0.359191 0.867163 0.344979
vn -0.359191 0.867163 0.344979
vn -0.359191 0.867163 0.344979
vn -0.867163 0.359191 0.344979
vn -0.867163 0.359191 0.344979
vn -0.581491 -0.240862 0.777080
vn -0.581491 -0.240862 0.777080
vn -0.240862 -0.581491 0.777080
vn -0.240862 -0.581491 0.777080
vn 0.240862 -0.581491 0.777080
vn 0.240862 -0.581491 0.777080
vn 0.581491 -0.240862 0.777080
vn 0.581491 -0.240862 0.777080
vn 0.581491 0.240862 0.777080
vn 0.581491 0.240862 0.777080
vn 0.240862 0.581491 0.777080
vn 0.240862 0.581491 0.777080
vn -0.240862 0.581491 0.777080
vn -0.240862 0.581491 0.777080
vn -0.581491 0.240862 0.777080
vn -0.581491 0.240862 0.777080
vn -0.314178 -0.130137 0.940402
vn -0.314178 -0.130137 0.940402
vn -0.130137 -0.314178 0.940402
vn -0.130137 -0.314178 0.940402
vn 0.130137 -0.314178 0.940402
vn 0.130137 -0.314178 0.940402
vn 0.314178 -0.130137 0.940402
vn 0.314178 -0.130137 0.940402
vn 0.314178 0.130137 0.940402
vn 0.314178 0.130137 0.940402
vn 0.130137 0.314178 0.940402
vn 0.130137 0.314178 0.940402
vn -0.130137 0.314178 0.940402
vn -0.130137 0.314178 0.940402
vn -0.314178 0.130137 0.940402
vn -0.314178 0.130137 0.940402
vn -0.098885 -0.040959 0.994256
vn -0.040959 -0.098885 0.994256
vn 0.040959 -0.098885 0.994256
vn 0.098885 -0.040959 0.994256
vn 0.098885 0.040959 0.994256
vn 0.040959 0.098885 0.994256
vn -0.040959 0.098885 0.994256
vn -0.098885 0.040959 0.994256
vn 0.098885 0.040959 0.994256
vn 0.040959 0.098885 0.994256
vn -0.040959 0.098885 0.994256
vn -0.098885 0.040959 0.994256
vn -0.098885 -0.040959 0.994256
vn -0.040959 -0.098885 0.994256
vn 0.040959 -0.098885 0.994256
vn 0.098885 -0.040959 0.994256
vn -0.314178 -0.130137 -0.940402
vn -0.314178 -0.130137 -0.940402
vn -0.130137 -0.314178 -0.940402
vn -0.130137 -0.314178 -0.940402
vn 0.130137 -0.314178 -0.940402
vn 0.130137 -0.314178 -0.940402
vn 0.314178 -0.130137 -0.940402
vn 0.314178 -0.130137 -0.940402
vn 0.314178 0.130137 -0.940402
vn 0.314178 0.130137 -0.940402
vn 0.130137 0.314178 -0.940402
vn 0.130137 0.314178 -0.940402
vn -0.130137 0.314178 -0.940402
vn -0.130137 0.314178 -0.940402
vn -0.314178 0.130137 -0.940402
vn -0.314178 0.130137 -0.940402
vn -0.581491 -0.240862 -0.777080
vn -0.581491 -0.240862 -0.777080
vn -0.240862 -0.581491 -0.777080
vn -0.240862 -0.581491 -0.777080
vn 0.240862 -0.581491 -0.777080
vn 0.240862 -0.581491 -0.777080
vn 0.581491 -0.240862 -0.777080
vn 0.581491 -0.240862 -0.777080
vn 0.581491 0.240862 -0.777080
vn 0.581491 0.240862 -0.777080
vn 0.240862 0.581491 -0.777080
vn 0.240862 0.581491 -0.777080
vn -0.240862 0.581491 -0.777080
vn -0.240862 0.581491 -0.777080
vn -0.581491 0.240862 -0.777080
vn -0.581491 0.240862 -0.777080
vn -0.867163 -0.359191 -0.344979
vn -0.867163 -0.359191 -0.344979
vn -0.359191 -0.867163 -0.344979
vn -0.359191 -0.867163 -0.344979
vn 0.359191 -0.867163 -0.344979
vn 0.359191 -0.867163 -0.344979
vn 0.867163 -0.359191 -0.344979
vn 0.867163 -0.359191 -0.344979
vn 0.867163 0.359191 -0.344979
vn 0.867163 0.359191 -0.344979
vn 0.359191 0.867163 -0.344979
vn 0.359191 0.867163 -0.344979
vn -0.359191 0.867163 -0.344979
vn -0.359191 0.867163 -0.344979
vn -0.867163 0.359191 -0.344979
vn -0.867163 0.359191 -0.344979
vn -0.867163 -0.359191 0.344979
vn -0.867163 -0.359191 0.344979
vn -0.359191 -0.867163 0.344979
vn -0.359191 -0.867163 0.344979
vn 0.359191 -0.867163 0.344979
vn 0.359191 -0.867163 0.344979
vn 0.867163 -0.359191 0.344979
vn 0.867163 -0.359191 0.344979
vn 0.867163 0.359191 0.344979
vn 0.867163 0.359191 0.344979
vn 0.359191 0.867163 0.344979
vn 0.359191 0.867163 0.344979
vn -0.359191 0.867163 0.344979
vn -0.359191 0.867163 0.344979
vn -0.867163 0.359191 0.344979
vn -0.867163 0.359191 0.344979
vn -0.581491 -0.240862 0.777080
vn -0.581491 -0.240862 0.777080
vn -0.240862 -0.581491 0.777080
vn -0.240862 -0.581491 0.777080
vn 0.240862 -0.581491 0.777080
vn 0.240862 -0.581491 0.777080
vn 0.581491 -0.240862 0.777080
vn 0.581491 -0.240862 0.777080
vn 0.581491 0.240862 0.777080
vn 0.581491 0.240862 0.777080
vn 0.240862 0.581491 0.777080
vn 0.240862 0.581491 0.777080
vn -0.240862 0.581491 0.777080
vn -0.240862 0.581491 0.777080
vn -0.581491 0.240862 0.777080
vn -0.581491 0.240862 0.777080
vn -0.314178 -0.130137 0.940402
vn -0.314178 -0.130137 0.940402
vn -0.130137 -0.314178 0.940402
vn -0.130137 -0.314178 0.940402
vn 0.130137 -0.314178 0.940402
vn 0.130137 -0.314178 0.940402
vn 0.314178 -0.130137 0.940402
vn 0.314178 -0.130137 0.940402
vn 0.314178 0.130137 0.940402
vn 0.314178 0.130137 0.940402
vn 0.130137 0.314178 0.940402
vn 0.130137 0.314178 0.940402
vn -0.130137 0.314178 0.940402
vn -0.130137 0.314178 0.940402
vn -0.314178 0.130137 0.940402
vn -0.314178 0.130137 0.940402
vn -0.098885 -0.040959 0.994256
vn -0.040959 -0.098885 0.994256
vn 0.040959 -0.098885 0.994256
vn 0.098885 -0.040959 0.994256
vn 0.098885 0.040959 0.994256
vn 0.040959 0.098885 0.994256
vn -0.040959 0.098885 0.994256
vn -0.098885 0.040959 0.994256
vn 0.098885 0.040959 0.994256
vn 0.040959 0.098885 0.994256
vn -0.040959 0.098885 0.994256
vn -0.098885 0.040959 0.994256
vn -0.098885 -0.040959 0.994256
vn -0.040959 -0.098885 0.994256
vn 0.040959 -0.098885 0.994256
vn 0.098885 -0.040959 0.994256
vn -0.314178 -0.130137 -0.940402
vn -0.314178 -0.130137 -0.940402
vn -0.130137 -0.314178 -0.940402
vn -0.130137 -0.314178 -0.940402
vn 0.130137 -0.314178 -0.940402
vn 0.130137 -0.314178 -0.940402
vn 0.314178 -0.130137 -0.940402
vn 0.314178 -0.130137 -0.940402
vn 0.314178 0.130137 -0.940402
vn 0.314178 0.130137 -0.940402
vn 0.130137 0.314178 -0.940402
vn 0.130137 0.314178 -0.940402
vn -0.130137 0.314178 -0.940402
vn -0.130137 0.314178 -0.940402
vn -0.314178 0.130137 -0.940402
vn -0.314178 0.130137 -0.940402
vn -0.581491 -0.240862 -0.777080
vn -0.581491 -0.240862 -0.777080
vn -0.240862 -0.581491 -0.777080
vn -0.240862 -0.581491 -0.777080
vn 0.240862 -0.581491 -0.777080
vn 0.240862 -0.581491 -0.777080
vn 0.581491 -0.240862 -0.777080
vn 0.581491 -0.240862 -0.777080
vn 0.581491 0.240862 -0.777080
vn 0.581491 0.240862 -0.777080
vn 0.240862 0.581491 -0.777080
vn 0.240862 0.581491 -0.777080
vn -0.240862 0.581491 -0.777080
vn -0.240862 0.581491 -0.777080
vn -0.581491 0.240862 -0.777080
vn -0.581491 0.240862 -0.777080
vn -0.867163 -0.359191 -0.344979
vn -0.867163 -0.359191 -0.344979
vn -0.359191 -0.867163 -0.344979
vn -0.359191 -0.867163 -0.344979
vn 0.359191 -0.867163 -0.344979
vn 0.359191 -0.867163 -0.344979
vn 0.867163 -0.359191 -0.344979
vn 0.867163 -0.359191 -0.344979
vn 0.867163 0.359191 -0.344979
vn 0.867163 0.359191 -0.344979
vn 0.359191 0.867163 -0.344979
vn 0.359191 0.867163 -0.344979
vn -0.359191 0.867163 -0.344979
vn -0.359191 0.867163 -0.344979
vn -0.867163 0.359191 -0.344979
vn -0.867163 0.359191 -0.344979
vn -0.867163 -0.359191 0.344979
vn -0.867163 -0.359191 0.344979
vn -0.359191 -0.867163 0.344979
vn -0.359191 -0.867163 0.344979
vn 0.359191 -0.867163 0.344979
vn 0.359191 -0.867163 0.344979
vn 0.867163 -0.359191 0.344979
vn 0.867163 -0.359191 0.344979
vn 0.867163 0.359191 0.344979
vn 0.867163 0.359191 0.344979
vn 0.359191 0.867163 0.344979
vn 0.359191 0.867163 0.344979
vn -0.359191 0.867163 0.344979
vn -0.359191 0.867163 0.344979
vn -0.867163 0.359191 0.344979
vn -0.867163 0.359191 0.344979
vn -0.581491 -0.240862 0.777080
vn -0.581491 -0.240862 0.777080
vn -0.240862 -0.581491 0.777080
vn -0.240862 -0.581491 0.777080
vn 0.240862 -0.581491 0.777080
vn 0.240862 -0.581491 0.777080
vn 0.581491 -0.240862 0.777080
vn 0.581491 -0.240862 0.777080
vn 0.581491 0.240862 0.777080
vn 0.581491 0.240862 0.777080
vn 0.240862 0.581491 0.777080
vn 0.240862 0.581491 0.777080
vn -0.240862 0.581491 0.777080
vn -0.240862 0.581491 0.777080
vn -0.581491 0.240862 0.777080
vn -0.581491 0.240862 0.777080
vn -0.314178 -0.130137 0.940402
vn -0.314178 -0.130137 0.940402
vn -0.130137 -0.314178 0.940402
vn -0.130137 -0.314178 0.940402
vn 0.130137 -0.314178 0.940402
vn 0.130137 -0.314178 0.940402
vn 0.314178 -0.130137 0.940402
vn 0.314178 -0.130137 0.940402
vn 0.314178 0.130137 0.940402
vn 0.314178 0.130137 0.940402
vn 0.130137 0.314178 0.940402
vn 0.130137 0.314178 0.940402
vn -0.130137 0.314178 0.940402
vn -0.130137 0.314178 0.940402
vn -0.314178 0.130137 0.940402
vn -0.314178 0.130137 0.940402
vn -0.098885 -0.040959 0.994256
vn -0.040959 -0.098885 0.994256
vn 0.040959 -0.098885 0.994256
vn 0.098885 -0.040959 0.994256
vn 0.098885 0.040959 0.994256
vn 0.040959 0.098885 0.994256
vn -0.040959 0.098885 0.994256
vn -0.098885 0.040959 0.994256
vn 0.098885 0.040959 0.994256
vn 0.040959 0.098885 0.994256
vn -0.040959 0.098885 0.994256
vn -0.098885 0.040959 0.994256
vn -0.098885 -0.040959 0.994256
vn -0.040959 -0.098885 0.994256
vn 0.040959 -0.098885 0.994256
vn 0.098885 -0.040959 0.994256
vn -0.314178 -0.130137 -0.940402
vn -0.314178 -0.130137 -0.940402
vn -0.130137 -0.314178 -0.940402
vn -0.130137 -0.314178 -0.940402
vn 0.130137 -0.314178 -0.940402
vn 0.130137 -0.314178 -0.940402
vn 0.314178 -0.130137 -0.940402
vn 0.314178 -0.130137 -0.940402
vn 0.314178 0.130137 -0.940402
vn 0.314178 0.130137 -0.940402
vn 0.130137 0.314178 -0.940402
vn 0.130137 0.314178 -0.940402
vn -0.130137 0.314178 -0.940402
vn -0.130137 0.314178 -0.940402
vn -0.314178 0.130137 -0.940402
vn -0.314178 0.130137 -0.940402
vn -0.581491 -0.240862 -0.777080
vn -0.581491 -0.240862 -0.777080
vn -0.240862 -0.581491 -0.777080
vn -0.240862 -0.581491 -0.777080
vn 0.240862 -0.581491 -0.777080
vn 0.240862 -0.581491 -0.777080
vn 0.581491 -0.240862 -0.777080
vn 0.581491 -0.240862 -0.777080
vn 0.581491 0.240862 -0.777080
vn 0.581491 0.240862 -0.777080
vn 0.240862 0.581491 -0.777080
vn 0.240862 0.581491 -0.777080
vn -0.240862 0.581491 -0.777080
vn -0.240862 0.581491 -0.777080
vn -0.581491 0.240862 -0.777080
vn -0.581491 0.240862 -0.777080
vn -0.867163 -0.359191 -0.344979
vn -0.867163 -0.359191 -0.344979
vn -0.359191 -0.867163 -0.344979
vn -0.359191 -0.867163 -0.344979
vn 0.359191 -0.867163 -0.344979
vn 0.359191 -0.867163 -0.344979
vn 0.867163 -0.359191 -0.344979
vn 0.867163 -0.359191 -0.344979
vn 0.867163 0.359191 -0.344979
vn 0.867163 0.359191 -0.344979
vn 0.359191 0.867163 -0.344979
vn 0.359191 0.867163 -0.344979
vn -0.359191 0.867163 -0.344979
vn -0.359191 0.867163 -0.344979
vn -0.867163 0.359191 -0.344979
vn -0.867163 0.359191 -0.344979
vn -0.867163 -0.359191 0.344979
vn -0.867163 -0.359191 0.344979
vn -0.359191 -0.867163 0.344979
vn -0.359191 -0.867163 0.344979
vn 0.359191 -0.867163 0.344979
vn 0.359191 -0.867163 0.344979
vn 0.867163 -0.359191 0.344979
vn 0.867163 -0.359191 0.344979
vn 0.867163 0.359191 0.344979
vn 0.867163 0.359191 0.344979
vn 0.359191 0.867163 0.344979
vn 0.359191 0.867163 0.344979
vn -0.359191 0.867163 0.344979
vn -0.359191 0.867163 0.344979
vn -0.867163 0.359191 0.344979
vn -0.867163 0.359191 0.344979
vn -0.581491 -0.240862 0.777080
vn -0.581491 -0.240862 0.777080
vn -0.240862 -0.581491 0.777080
vn -0.240862 -0.581491 0.777080
vn 0.240862 -0.581491 0.777080
vn 0.240862 -0.581491 0.777080
vn 0.581491 -0.240862 0.777080
vn 0.581491 -0.240862 0.777080
vn 0.581491 0.240862 0.777080
vn 0.581491 0.240862 0.777080
vn 0.240862 0.581491 0.777080
vn 0.240862 0.581491 0.777080
vn -0.240862 0.581491 0.777080
vn -0.240862 0.581491 0.777080
vn -0.581491 0.240862 0.777080
vn -0.581491 0.240862 0.777080
vn -0.314178 -0.130137 0.940402
vn -0.314178 -0.130137 0.940402
vn -0.130137 -0.314178 0.940402
vn -0.130137 -0.314178 0.940402
vn 0.130137 -0.314178 0.940402
vn 0.130137 -0.314178 0.940402
vn 0.314178 -0.130137 0.940402
vn 0.314178 -0.130137 0.940402
vn 0.314178 0.130137 0.940402
vn 0.314178 0.130137 0.940402
vn 0.130137 0.314178 0.940402
vn 0.130137 0.314178 0.940402
vn -0.130137 0.314178 0.940402
vn -0.130137 0.314178 0.940402
vn -0.314178 0.130137 0.940402
vn -0.314178 0.130137 0.940402
vn -0.098885 -0.040959 0.994256
vn -0.040959 -0.098885 0.994256
vn 0.040959 -0.098885 0.994256
vn 0.098885 -0.040959 0.994256
vn 0.098885 0.040959 0.994256
vn 0.040959 0.098885 0.994256
vn -0.040959 0.098885 0.994256
vn -0.098885 0.040959 0.994256
vn 0.098885 0.040959 0.994256
vn 0.040959 0.098885 0.994256
vn -0.040959 0.098885 0.994256
vn -0.098885 0.040959 0.994256
vn -0.098885 -0.040959 0.994256
vn -0.040959 -0.098885 0.994256
vn 0.040959 -0.098885 0.994256
vn 0.098885 -0.040959 0.994256
vn -0.314178 -0.130137 -0.940402
vn -0.314178 -0.130137 -0.940402
vn -0.130137 -0.314178 -0.940402
vn -0.130137 -0.314178 -0.940402
vn 0.130137 -0.314178 -0.940402
vn 0.130137 -0.314178 -0.940402
vn 0.314178 -0.130137 -0.940402
vn 0.314178 -0.130137 -0.940402
vn 0.314178 0.130137 -0.940402
vn 0.314178 0.130137 -0.940402
vn 0.130137 0.314178 -0.940402
vn 0.130137 0.314178 -0.940402
vn -0.130137 0.314178 -0.940402
vn -0.130137 0.314178 -0.940402
vn -0.314178 0.130137 -0.940402
vn -0.314178 0.130137 -0.940402
vn -0.581491 -0.240862 -0.777080
vn -0.581491 -0.240862 -0.777080
vn -0.240862 -0.581491 -0.777080
vn -0.240862 -0.581491 -0.777080
vn 0.240862 -0.581491 -0.777080
vn 0.240862 -0.581491 -0.777080
vn 0.581491 -0.240862 -0.777080
vn 0.581491 -0.240862 -0.777080
vn 0.581491 0.240862 -0.777080
vn 0.581491 0.240862 -0.777080
vn 0.240862 0.581491 -0.777080
vn 0.240862 0.581491 -0.777080
vn -0.240862 0.581491 -0.777080
vn -0.240862 0.581491 -0.777080
vn -0.581491 0.240862 -0.777080
vn -0.581491 0.240862 -0.777080
vn -0.867163 -0.359191 -0.344979
vn -0.867163 -0.359191 -0.344979
vn -0.359191 -0.867163 -0.344979
vn -0.359191 -0.867163 -0.344979
vn 0.359191 -0.867163 -0.344979
vn 0.359191 -0.867163 -0.344979
vn 0.867163 -0.359191 -0.344979
vn 0.867163 -0.359191 -0.344979
vn 0.867163 0.359191 -0.344979
vn 0.867163 0.359191 -0.344979
vn 0.359191 0.867163 -0.344979
vn 0.359191 0.867163 -0.344979
vn -0.359191 0.867163 -0.344979
vn -0.359191 0.867163 -0.344979
vn -0.867163 0.359191 -0.344979
vn -0.867163 0.359191 -0.344979
vn -0.867163 -0.359191 0.344979
vn -0.867163 -0.359191 0.344979
vn -0.359191 -0.867163 0.344979
vn -0.359191 -0.867163 0.344979
vn 0.359191 -0.867163 0.344979
vn 0.359191 -0.867163 0.344979
vn 0.867163 -0.359191 0.344979
vn 0.867163 -0.359191 0.344979
vn 0.867163 0.359191 0.344979
vn 0.867163 0.359191 0.344979
vn 0.359191 0.867163 0.344979
vn 0.359191 0.867163 0.344979
vn -0.359191 0.867163 0.344979
vn -0.359191 0.867163 0.344979
vn -0.867163 0.359191 0.344979
vn -0.867163 0.359191 0.344979
vn -0.581491 -0.240862 0.777080
vn -0.581491 -0.240862 0.777080
vn -0.240862 -0.581491 0.777080
vn -0.240862 -0.581491 0.777080
vn 0.240862 -0.581491 0.777080
vn 0.240862 -0.581491 0.777080
vn 0.581491 -0.240862 0.777080
vn 0.581491 -0.240862 0.777080
vn 0.581491 0.240862 0.777080
vn 0.581491 0.240862 0.777080
vn 0.240862 0.581491 0.777080
vn 0.240862 0.581491 0.777080
vn -0.240862 0.581491 0.777080
vn -0.240862 0.581491 0.777080
vn -0.581491 0.240862 0.777080
vn -0.581491 0.240862 0.777080
vn -0.314178 -0.130137 0.940402
vn -0.314178 -0.130137 0.940402
vn -0.130137 -0.314178 0.940402
vn -0.130137 -0.314178 0.940402
vn 0.130137 -0.314178 0.940402
vn 0.130137 -0.314178 0.940402
vn 0.314178 -0.130137 0.940402
vn 0.314178 -0.130137 0.940402
vn 0.314178 0.130137 0.940402
vn 0.314178 0.130137 0.940402
vn 0.130137 0.314178 0.940402
vn 0.130137 0.314178 0.940402
vn -0.130137 0.314178 0.940402
vn -0.130137 0.314178 0.940402
vn -0.314178 0.130137 0.940402
vn -0.314178 0.130137 0.940402
vn -0.098885 -0.040959 0.994256
vn -0.040959 -0.098885 0.994256
vn 0.040959 -0.098885 0.994256
vn 0.098885 -0.040959 0.994256
vn 0.098885 0.040959 0.994256
vn 0.040959 0.098885 0.994256
vn -0.040959 0.098885 0.994256
vn -0.098885 0.040959 0.994256
vn 0.098885 0.040959 0.994256
vn 0.040959 0.098885 0.994256
vn -0.040959 0.098885 0.994256
vn -0.098885 0.040959 0.994256
vn -0.098885 -0.040959 0.994256
vn -0.040959 -0.098885 0.994256
vn 0.040959 -0.098885 0.994256
vn 0.098885 -0.040959 0.994256
vn -0.314178 -0.130137 -0.940402
vn -0.314178 -0.130137 -0.940402
vn -0.130137 -0.314178 -0.940402
vn -0.130137 -0.314178 -0.940402
vn 0.130137 -0.314178 -0.940402
vn 0.130137 -0.314178 -0.940402
vn 0.314178 -0.130137 -0.940402
vn 0.314178 -0.130137 -0.940402
vn 0.314178 0.130137 -0.940402
vn 0.314178 0.130137 -0.940402
vn 0.130137 0.314178 -0.940402
vn 0.130137 0.314178 -0.940402
vn -0.130137 0.314178 -0.940402
vn -0.130137 0.314178 -0.940402
vn -0.314178 0.130137 -0.940402
vn -0.314178 0.130137 -0.940402
vn -0.581491 -0.240862 -0.777080
vn -0.581491 -0.240862 -0.777080
vn -0.240862 -0.581491 -0.777080
vn -0.240862 -0.581491 -0.777080
vn 0.240862 -0.581491 -0.777080
vn 0.240862 -0.581491 -0.777080
vn 0.581491 -0.240862 -0.777080
vn 0.581491 -0.240862 -0.777080
vn 0.581491 0.240862 -0.777080
vn 0.581491 0.240862 -0.777080
vn 0.240862 0.581491 -0.777080
vn 0.240862 0.581491 -0.777080
vn -0.240862 0.581491 -0.777080
vn -0.240862 0.581491 -0.777080
vn -0.581491 0.240862 -0.777080
vn -0.581491 0.240862 -0.777080
vn -0.867163 -0.359191 -0.344979
vn -0.867163 -0.359191 -0.344979
vn -0.359191 -0.867163 -0.344979
vn -0.359191 -0.867163 -0.344979
vn 0.359191 -0.867163 -0.344979
vn 0.359191 -0.867163 -0.344979
vn 0.867163 -0.359191 -0.344979
vn 0.867163 -0.359191 -0.344979
vn 0.867163 0.359191 -0.344979
vn 0.867163 0.359191 -0.344979
vn 0.359191 0.867163 -0.344979
vn 0.359191 0.867163 -0.344979
vn -0.359191 0.867163 -0.344979
vn -0.359191 0.867163 -0.344979
vn -0.867163 0.359191 -0.344979
vn -0.867163 0.359191 -0.344979
vn -0.867163 -0.359191 0.344979
vn -0.867163 -0.359191 0.344979
vn -0.359191 -0.867163 0.344979
vn -0.359191 -0.867163 0.344979
vn 0.359191 -0.867163 0.344979
vn 0.359191 -0.867163 0.344979
vn 0.867163 -0.359191 0.344979
vn 0.867163 -0.359191 0.344979
vn 0.867163 0.359191 0.344979
vn 0.867163 0.359191 0.344979
vn 0.359191 0.867163 0.344979
vn 0.359191 0.867163 0.344979
vn -0.359191 0.867163 0.344979
vn -0.359191 0.867163 0.344979
vn -0.867163 0.359191 0.344979
vn -0.867163 0.359191 0.344979
vn -0.581491 -0.240862 0.777080
vn -0.581491 -0.240862 0.777080
vn -0.240862 -0.581491 0.777080
vn -0.240862 -0.581491 0.777080
vn 0.240862 -0.581491 0.777080
vn 0.240862 -0.581491 0.777080
vn 0.581491 -0.240862 0.777080
vn 0.581491 -0.240862 0.777080
vn 0.581491 0.240862 0.777080
vn 0.581491 0.240862 0.777080
vn 0.240862 0.581491 0.777080
vn 0.240862 0.581491 0.777080
vn -0.240862 0.581491 0.777080
vn -0.240862 0.581491 0.777080
vn -0.581491 0.240862 0.777080
vn -0.581491 0.240862 0.777080
vn -0.314178 -0.130137 0.940402
vn -0.314178 -0.130137 0.940402
vn -0.130137 -0.314178 0.940402
vn -0.130137 -0.314178 0.940402
vn 0.130137 -0.314178 0.940402
vn 0.130137 -0.314178 0.940402
vn 0.314178 -0.130137 0.940402
vn 0.314178 -0.130137 0.940402
vn 0.314178 0.130137 0.940402
vn 0.314178 0.130137 0.940402
vn 0.130137 0.314178 0.940402
vn 0.130137 0.314178 0.940402
vn -0.130137 0.314178 0.940402
vn -0.130137 0.314178 0.940402
vn -0.314178 0.130137 0.940402
vn -0.314178 0.130137 0.940402
vn -0.098885 -0.040959 0.994256
vn -0.040959 -0.098885 0.994256
vn 0.040959 -0.098885 0.994256
vn 0.098885 -0.040959 0.994256
vn 0.098885 0.040959 0.994256
vn 0.040959 0.098885 0.994256
vn -0.040959 0.098885 0.994256
vn -0.098885 0.040959 0.994256
vn 0.098885 0.040959 0.994256
vn 0.040959 0.098885 0.994256
vn -0.040959 0.098885 0.994256
vn -0.098885 0.040959 0.994256
vn -0.098885 -0.040959 0.994256
vn -0.040959 -0.098885 0.994256
vn 0.040959 -0.098885 0.994256
vn 0.098885 -0.040959 0.994256
vn -0.314178 -0.130137 -0.940402
vn -0.314178 -0.130137 -0.940402
vn -0.130137 -0.314178 -0.940402
vn -0.130137 -0.314178 -0.940402
vn 0.130137 -0.314178 -0.940402
vn 0.130137 -0.314178 -0.940402
vn 0.314178 -0.130137 -0.940402
vn 0.314178 -0.130137 -0.940402
vn 0.314178 0.130137 -0.940402
vn 0.314178 0.130137 -0.940402
vn 0.130137 0.314178 -0.940402
vn 0.130137 0.314178 -0.940402
vn -0.130137 0.314178 -0.940402
vn -0.130137 0.314178 -0.940402
vn -0.314178 0.130137 -0.940402
vn -0.314178 0.130137 -0.940402
vn -0.581491 -0.240862 -0.777080
vn -0.581491 -0.240862 -0.777080
vn -0.240862 -0.581491 -0.777080
vn -0.240862 -0.581491 -0.777080
vn 0.240862 -0.581491 -0.777080
vn 0.240862 -0.581491 -0.777080
vn 0.581491 -0.240862 -0.777080
vn 0.581491 -0.240862 -0.777080
vn 0.581491 0.240862 -0.777080
vn 0.581491 0.240862 -0.777080
vn 0.240862 0.581491 -0.777080
vn 0.240862 0.581491 -0.777080
vn -0.240862 0.581491 -0.777080
vn -0.240862 0.581491 -0.777080
vn -0.581491 0.240862 -0.777080
vn -0.581491 0.240862 -0.777080
vn -0.867163 -0.359191 -0.344979
vn -0.867163 -0.359191 -0.344979
vn -0.359191 -0.867163 -0.344979
vn -0.359191 -0.867163 -0.344979
vn 0.359191 -0.867163 -0.344979
vn 0.359191 -0.867163 -0.344979
vn 0.867163 -0.359191 -0.344979
vn 0.867163 -0.359191 -0.344979
vn 0.867163 0.359191 -0.344979
vn 0.867163 0.359191 -0.344979
vn 0.359191 0.867163 -0.344979
vn 0.359191 0.867163 -0.344979
vn -0.359191 0.867163 -0.344979
vn -0.359191 0.867163 -0.344979
vn -0.867163 0.359191 -0.344979
vn -0.867163 0.359191 -0.344979
vn -0.867163 -0.359191 0.344979
vn -0.867163 -0.359191 0.344979
vn -0.359191 -0.867163 0.344979
vn -0.359191 -0.867163 0.344979
vn 0.359191 -0.867163 0.344979
vn 0.359191 -0.867163 0.344979
vn 0.867163 -0.359191 0.344979
vn 0.867163 -0.359191 0.344979
vn 0.867163 0.359191 0.344979
vn 0.867163 0.359191 0.344979
vn 0.359191 0.867163 0.344979
vn 0.359191 0.867163 0.344979
vn -0.359191 0.867163 0.344979
vn -0.359191 0.867163 0.344979
vn -0.867163 0.359191 0.344979
vn -0.867163 0.359191 0.344979
vn -0.581491 -0.240862 0.777080
vn -0.581491 -0.240862 0.777080
vn -0.240862 -0.581491 0.777080
vn -0.240862 -0.581491 0.777080
vn 0.240862 -0.581491 0.777080
vn 0.240862 -0.581491 0.777080
vn 0.581491 -0.240862 0.777080
vn 0.581491 -0.240862 0.777080
vn 0.581491 0.240862 0.777080
vn 0.581491 0.240862 0.777080
vn 0.240862 0.581491 0.777080
vn 0.240862 0.581491 0.777080
vn -0.240862 0.581491 0.777080
vn -0.240862 0.581491 0.777080
vn -0.581491 0.240862 0.777080
vn -0.581491 0.240862 0.777080
vn -0.314178 -0.130137 0.940402
vn -0.314178 -0.130137 0.940402
vn -0.130137 -0.314178 0.940402
vn -0.130137 -0.314178 0.940402
vn 0.130137 -0.314178 0.940402
vn 0.130137 -0.314178 0.940402
vn 0.314178 -0.130137 0.940402
vn 0.314178 -0.130137 0.940402
vn 0.314178 0.130137 0.940402
vn 0.314178 0.130137 0.940402
vn 0.130137 0.314178 0.940402
vn 0.130137 0.314178 0.940402
vn -0.130137 0.314178 0.940402
vn -0.130137 0.314178 0.940402
vn -0.314178 0.130137 0.940402
vn -0.314178 0.130137 0.940402
vn -0.098885 -0.040959 0.994256
vn -0.040959 -0.098885 0.994256
vn 0.040959 -0.098885 0.994256
vn 0.098885 -0.040959 0.994256
vn 0.098885 0.040959 0.994256
vn 0.040959 0.098885 0.994256
vn -0.040959 0.098885 0.994256
vn -0.098885 0.040959 0.994256
vn 0.098885 0.040959 0.994256
vn 0.040959 0.098885 0.994256
vn -0.040959 0.098885 0.994256
vn -0.098885 0.040959 0.994256
vn -0.098885 -0.040959 0.994256
vn -0.040959 -0.098885 0.994256
vn 0.040959 -0.098885 0.994256
vn 0.098885 -0.040959 0.994256
vn -0.314178 -0.130137 -0.940402
vn -0.314178 -0.130137 -0.940402
vn -0.130137 -0.314178 -0.940402
vn -0.130137 -0.314178 -0.940402
vn 0.130137 -0.314178 -0.940402
vn 0.130137 -0.314178 -0.940402
vn 0.314178 -0.130137 -0.940402
vn 0.314178 -0.130137 -0.940402
vn 0.314178 0.130137 -0.940402
vn 0.314178 0.130137 -0.940402
vn 0.130137 0.314178 -0.940402
vn 0.130137 0.314178 -0.940402
vn -0.130137 0.314178 -0.940402
vn -0.130137 0.314178 -0.940402
vn -0.314178 0.130137 -0.940402
vn -0.314178 0.130137 -0.940402
vn -0.581491 -0.240862 -0.777080
vn -0.581491 -0.240862 -0.777080
vn -0.240862 -0.581491 -0.777080
vn -0.240862 -0.581491 -0.777080
vn 0.240862 -0.581491 -0.777080
vn 0.240862 -0.581491 -0.777080
vn 0.581491 -0.240862 -0.777080
vn 0.581491 -0.240862 -0.777080
vn 0.581491 0.240862 -0.777080
vn 0.581491 0.240862 -0.777080
vn 0.240862 0.581491 -0.777080
vn 0.240862 0.581491 -0.777080
vn -0.240862 0.581491 -0.777080
vn -0.240862 0.581491 -0.777080
vn -0.581491 0.240862 -0.777080
vn -0.581491 0.240862 -0.777080
vn -0.867163 -0.359191 -0.344979
vn -0.867163 -0.359191 -0.344979
vn -0.359191 -0.867163 -0.344979
vn -0.359191 -0.867163 -0.344979
vn 0.359191 -0.867163 -0.344979
vn 0.359191 -0.867163 -0.344979
vn 0.867163 -0.359191 -0.344979
vn 0.867163 -0.359191 -0.344979
vn 0.867163 0.359191 -0.344979
vn 0.867163 0.359191 -0.344979
vn 0.359191 0.867163 -0.344979
vn 0.359191 0.867163 -0.344979
vn -0.359191 0.867163 -0.344979
vn -0.359191 0.867163 -0.344979
vn -0.867163 0.359191 -0.344979
vn -0.867163 0.359191 -0.344979
vn -0.867163 -0.359191 0.344979
vn -0.867163 -0.359191 0.344979
vn -0.359191 -0.867163 0.344979
vn -0.359191 -0.867163 0.344979
vn 0.359191 -0.867163 0.344979
vn 0.359191 -0.867163 0.344979
vn 0.867163 -0.359191 0.344979
vn 0.867163 -0.359191 0.344979
vn 0.867163 0.359191 0.344979
vn 0.867163 0.359191 0.344979
vn 0.359191 0.867163 0.344979
vn 0.359191 0.867163 0.344979
vn -0.359191 0.867163 0.344979
vn -0.359191 0.867163 0.344979
vn -0.867163 0.359191 0.344979
vn -0.867163 0.359191 0.344979
vn -0.581491 -0.240862 0.777080
vn -0.581491 -0.240862 0.777080
vn -0.240862 -0.581491 0.777080
vn -0.240862 -0.581491 0.777080
vn 0.240862 -0.581491 0.777080
vn 0.240862 -0.581491 0.777080
vn 0.581491 -0.240862 0.777080
vn 0.581491 -0.240862 0.777080
vn 0.581491 0.240862 0.777080
vn 0.581491 0.240862 0.777080
vn 0.240862 0.581491 0.777080
vn 0.240862 0.581491 0.777080
vn -0.240862 0.581491 0.777080
vn -0.240862 0.581491 0.777080
vn -0.581491 0.240862 0.777080
vn -0.581491 0.240862 0.777080
vn -0.314178 -0.130137 0.940402
vn -0.314178 -0.130137 0.940402
vn -0.130137 -0.314178 0.940402
vn -0.130137 -0.314178 0.940402
vn 0.130137 -0.314178 0.940402
vn 0.130137 -0.314178 0.940402
vn 0.314178 -0.130137 0.940402
vn 0.314178 -0.130137 0.940402
vn 0.314178 0.130137 0.940402
vn 0.314178 0.130137 0.940402
vn 0.130137 0.314178 0.940402
vn 0.130137 0.314178 0.940402
vn -0.130137 0.314178 0.940402
vn -0.130137 0.314178 0.940402
vn -0.314178 0.130137 0.940402
vn -0.314178 0.130137 0.940402
vn -0.098885 -0.040959 0.994256
vn -0.040959 -0.098885 0.994256
vn 0.040959 -0.098885 0.994256
vn 0.098885 -0.040959 0.994256
vn 0.098885 0.040959 0.994256
vn 0.040959 0.098885 0.994256
vn -0.040959 0.098885 0.994256
vn -0.098885 0.040959 0.994256
f 1//1 5//1 7//1
f 1//2 7//2 3//2
f 2//3 8//3 6//3
f 2//4 4//4 8//4
f 3//5 4//5 7//5
f 7//6 4//6 8//6
f 1//7 5//7 2//7
f 5//8 6//8 2//8
f 5//9 9//9 11//9
f 5//10 11//10 7//10
f 6//11 12//11 10//11
f 6//12 8//12 12//12
f 7//13 8//13 11//13
f 11//14 8//14 12//14
f 5//15 9//15 6//15
f 9//16 10//16 6//16
f 9//17 13//17 15//17
f 9//18 15//18 11//18
f 10//19 16//19 14//19
f 10//20 12//20 16//20
f 11//21 12//21 15//21
f 15//22 12//22 16//22
f 9//23 13//23 10//23
f 13//24 14//24 10//24
f 13//25 17//25 19//25
f 13//26 19//26 15//26
f 14//27 20//27 18//27
f 14//28 16//28 20//28
f 15//29 16//29 19//29
f 19//30 16//30 20//30
f 13//31 17//31 14//31
f 17//32 18//32 14//32
f 17//33 21//33 23//33
f 17//34 23//34 19//34
f 18//35 24//35 22//35
f 18//36 20//36 24//36
f 19//37 20//37 23//37
f 23//38 20//38 24//38
f 17//39 21//39 18//39
f 21//40 22//40 18//40
f 21//41 25//41 27//41
f 21//42 27//42 23//42
f 22//43 28//43 26//43
f 22//44 24//44 28//44
f 23//45 24//45 27//45
f 27//46 24//46 28//46
f 21//47 25//47 22//47
f 25//48 26//48 22//48
f 25//49 29//49 31//49
f 25//50 31//50 27//50
f 26//51 32//51 30//51
f 26//52 28//52 32//52
f 27//53 28//53 31//53
f 31//54 28//54 32//54
f 25//55 29//55 26//55
f 29//56 30//56 26//56
f 29//57 33//57 35//57
f 29//58 35//58 31//58
f 30//59 36//59 34//59
f 30//60 32//60 36//60
f 31//61 32//61 35//61
f 35//62 32//62 36//62
f 29//63 33//63 30//63
f 33//64 34//64 30//64
f 33//65 37//65 39//65
f 33//66 39//66 35//66
f 34//67 40//67 38//67
f 34//68 36//68 40//68
f 35//69 36//69 39//69
f 39//70 36//70 40//70
f 33//71 37//71 34//71
f 37//72 38//72 34//72
f 37//73 41//73 43//73
f 37//74 43//74 39//74
f 38//75 44//75 42//75
f 38//76 40//76 44//76
f 39//77 40//77 43//77
f 43//78 40//78 44//78
f 37//79 41//79 38//79
f 41//80 42//80 38//80
f 41//81 45//81 47//81
f 41//82 47//82 43//82
f 42//83 48//83 46//83
f 42//84 44//84 48//84
f 43//85 44//85 47//85
f 47//86 44//86 48//86
f 41//87 45//87 42//87
f 45//88 46//88 42//88
f 45//89 49//89 51//89
f 45//90 51//90 47//90
f 46//91 52//91 50//91
f 46//92 48//92 52//92
f 47//93 48//93 51//93
f 51//94 48//94 52//94
f 45//95 49//95 46//95
f 49//96 50//96 46//96
f 49//97 53//97 55//97
f 49//98 55//98 51//98
f 50//99 56//99 54//99
f 50//100 52//100 56//100
f 51//101 52//101 55//101
f 55//102 52//102 56//102
f 49//103 53//103 50//103
f 53//104 54//104 50//104
f 53//105 57//105 59//105
f 53//106 59//106 55//106
f 54//107 60//107 58//107
f 54//108 56//108 60//108
f 55//109 56//109 59//109
f 59//110 56//110 60//110
f 53//111 57//111 54//111
f 57//112 58//112 54//112
f 57//113 61//113 63//113
f 57//114 63//114 59//114
f 58//115 64//115 62//115
f 58//116 60//116 64//116
f 59//117 60//117 63//117
f 63//118 60//118 64//118
f 57//119 61//119 58//119
f 61//120 62//120 58//120
f 61//121 65//121 67//121
f 61//122 67//122 63//122
f 62//123 68//123 66//123
f 62//124 64//124 68//124
f 63//125 64//125 67//125
f 67//126 64//126 68//126
f 61//127 65//127 62//127
f 65//128 66//128 62//128
f 65//129 69//129 71//129
f 65//130 71//130 67//130
f 66//131 72//131 70//131
f 66//132 68//132 72//132
f 67//133 68//133 71//133
f 71//134 68//134 72//134
f 65//135 69//135 66//135
f 69//136 70//136 66//136
f 69//137 73//137 75//137
f 69//138 75//138 71//138
f 70//139 76//139 74//139
f 70//140 72//140 76//140
f 71//141 72//141 75//141
f 75//142 72//142 76//142
f 69//143 73//143 70//143
f 73//144 74//144 70//144
f 73//145 77//145 79//145
f 73//146 79//146 75//146
f 74//147 80//147 78//147
f 74//148 76//148 80//148
f 75//149 76//149 79//149
f 79//150 76//150 80//150
f 73//151 77//151 74//151
f 77//152 78//152 74//152
f 77//153 81//153 83//153
f 77//154 83//154 79//154
f 78//155 84//155 82//155
f 78//156 80//156 84//156
f 79//157 80//157 83//157
f 83//158 80//158 84//158
f 77//159 81//159 78//159
f 81//160 82//160 78//160
f 81//161 85//161 87//161
f 81//162 87//162 83//162
f 82//163 88//163 86//163
f 82//164 84//164 88//164
f 83//165 84//165 87//165
f 87//166 84//166 88//166
f 81//167 85//167 82//167
f 85//168 86//168 82//168
f 85//169 89//169 91//169
f 85//170 91//170 87//170
f 86//171 92//171 90//171
f 86//172 88//172 92//172
f 87//173 88//173 91//173
f 91//174 88//174 92//174
f 85//175 89//175 86//175
f 89//176 90//176 86//176
f 89//177 93//177 95//177
f 89//178 95//178 91//178
f 90//179 96//179 94//179
f 90//180 92//180 96//180
f 91//181 92//181 95//181
f 95//182 92//182 96//182
f 89//183 93//183 90//183
f 93//184 94//184 90//184
f 93//185 97//185 99//185
f 93//186 99//186 95//186
f 94//187 100//187 98//187
f 94//188 96//188 100//188
f 95//189 96//189 99//189
f 99//190 96//190 100//190
f 93//191 97//191 94//191
f 97//192 98//192 94//192
f 97//193 101//193 103//193
f 97//194 103//194 99//194
f 98//195 104//195 102//195
f 98//196 100//196 104//196
f 99//197 100//197 103//197
f 103//198 100//198 104//198
f 97//199 101//199 98//199
f 101//200 102//200 98//200
f 101//201 105//201 107//201
f 101//202 107//202 103//202
f 102//203 108//203 106//203
f 102//204 104//204 108//204
f 103//205 104//205 107//205
f 107//206 104//206 108//206
f 101//207 105//207 102//207
f 105//208 106//208 102//208
f 105//209 109//209 111//209
f 105//210 111//210 107//210
f 106//211 112//211 110//211
f 106//212 108//212 112//212
f 107//213 108//213 111//213
f 111//214 108//214 112//214
f 105//215 109//215 106//215
f 109//216 110//216 106//216
f 109//217 113//217 115//217
f 109//218 115//218 111//218
f 110//219 116//219 114//219
f 110//220 112//220 116//220
f 111//221 112//221 115//221
f 115//222 112//222 116//222
f 109//223 113//223 110//223
f 113//224 114//224 110//224
f 113//225 117//225 119//225
f 113//226 119//226 115//226
f 114//227 120//227 118//227
f 114//228 116//228 120//228
f 115//229 116//229 119//229
f 119//230 116//230 120//230
f 113//231 117//231 114//231
f 117//232 118//232 114//232
f 117//233 121//233 123//233
f 117//234 123//234 119//234
f 118//235 124//235 122//235
f 118//236 120//236 124//236
f 119//237 120//237 123//237
f 123//238 120//238 124//238
f 117//239 121//239 118//239
f 121//240 122//240 118//240
f 121//241 125//241 127//241
f 121//242 127//242 123//242
f 122//243 128//243 126//243
f 122//244 124//244 128//244
f 123//245 124//245 127//245
f 127//246 124//246 128//246
f 121//247 125//247 122//247
f 125//248 126//248 122//248
f 125//249 129//249 131//249
f 125//250 131//250 127//250
f 126//251 132//251 130//251
f 126//252 128//252 132//252
f 127//253 128//253 131//253
f 131//254 128//254 132//254
f 125//255 129//255 126//255
f 129//256 130//256 126//256
f 129//257 133//257 135//257
f 129//258 135//258 131//258
f 130//259 136//259 134//259
f 130//260 132//260 136//260
f 131//261 132//261 135//261
f 135//262 132//262 136//262
f 129//263 133//263 130//263
f 133//264 134//264 130//264
f 133//265 137//265 139//265
f 133//266 139//266 135//266
f 134//267 140//267 138//267
f 134//268 136//268 140//268
f 135//269 136//269 139//269
f 139//270 136//270 140//270
f 133//271 137//271 134//271
f 137//272 138//272 134//272
f 137//273 141//273 143//273
f 137//274 143//274 139//274
f 138//275 144//275 142//275
f 138//276 140//276 144//276
f 139//277 140//277 143//277
f 143//278 140//278 144//278
f 137//279 141//279 138//279
f 141//280 142//280 138//280
f 141//281 145//281 147//281
f 141//282 147//282 143//282
f 142//283 148//283 146//283
f 142//284 144//284 148//284
f 143//285 144//285 147//285
f 147//286 144//286 148//286
f 141//287 145//287 142//287
f 145//288 146//288 142//288
f 145//289 149//289 151//289
f 145//290 151//290 147//290
f 146//291 152//291 150//291
f 146//292 148//292 152//292
f 147//293 148//293 151//293
f 151//294 148//294 152//294
f 145//295 149//295 146//295
f 149//296 150//296 146//296
f 149//297 153//297 155//297
f 149//298 155//298 151//298
f 150//299 156//299 154//299
f 150//300 152//300 156//300
f 151//301 152//301 155//301
f 155//302 152//302 156//302
f 149//303 153//303 150//303
f 153//304 154//304 150//304
f 153//305 157//305 159//305
f 153//306 159//306 155//306
f 154//307 160//307 158//307
f 154//308 156//308 160//308
f 155//309 156//309 159//309
f 159//310 156//310 160//310
f 153//311 157//311 154//311
f 157//312 158//312 154//312
f 157//313 161//313 163//313
f 157//314 163//314 159//314
f 158//315 164//315 162//315
f 158//316 160//316 164//316
f 159//317 160//317 163//317
f 163//318 160//318 164//318
f 157//319 161//319 158//319
f 161//320 162//320 158//320
f 161//321 165//321 167//321
f 161//322 167//322 163//322
f 162//323 168//323 166//323
f 162//324 164//324 168//324
f 163//325 164//325 167//325
f 167//326 164//326 168//326
f 161//327 165//327 162//327
f 165//328 166//328 162//328
f 165//329 169//329 171//329
f 165//330 171//330 167//330
f 166//331 172//331 170//331
f 166//332 168//332 172//332
f 167//333 168//333 171//333
f 171//334 168//334 172//334
f 165//335 169//335 166//335
f 169//336 170//336 166//336
f 169//337 173//337 175//337
f 169//338 175//338 171//338
f 170//339 176//339 174//339
f 170//340 172//340 176//340
f 171//341 172//341 175//341
f 175//342 172//342 176//342
f 169//343 173//343 170//343
f 173//344 174//344 170//344
f 173//345 177//345 179//345
f 173//346 179//346 175//346
f 174//347 180//347 178//347
f 174//348 176//348 180//348
f 175//349 176//349 179//349
f 179//350 176//350 180//350
f 173//351 177//351 174//351
f 177//352 178//352 174//352
f 177//353 181//353 183//353
f 177//354 183//354 179//354
f 178//355 184//355 182//355
f 178//356 180//356 184//356
f 179//357 180//357 183//357
f 183//358 180//358 184//358
f 177//359 181//359 178//359
f 181//360 182//360 178//360
f 181//361 185//361 187//361
f 181//362 187//362 183//362
f 182//363 188//363 186//363
f 182//364 184//364 188//364
f 183//365 184//365 187//365
f 187//366 184//366 188//366
f 181//367 185//367 182//367
f 185//368 186//368 182//368
f 185//369 189//369 191//369
f 185//370 191//370 187//370
f 186//371 192//371 190//371
f 186//372 188//372 192//372
f 187//373 188//373 191//373
f 191//374 188//374 192//374
f 185//375 189//375 186//375
f 189//376 190//376 186//376
f 189//377 193//377 195//377
f 189//378 195//378 191//378
f 190//379 196//379 194//379
f 190//380 192//380 196//380
f 191//381 192//381 195//381
f 195//382 192//382 196//382
f 189//383 193//383 190//383
f 193//384 194//384 190//384
f 193//385 197//385 199//385
f 193//386 199//386 195//386
f 194//387 200//387 198//387
f 194//388 196//388 200//388
f 195//389 196//389 199//389
f 199//390 196//390 200//390
f 193//391 197//391 194//391
f 197//392 198//392 194//392
f 197//393 201//393 203//393
f 197//394 203//394 199//394
f 198//395 204//395 202//395
f 198//396 200//396 204//396
f 199//397 200//397 203//397
f 203//398 200//398 204//398
f 197//399 201//399 198//399
f 201//400 202//400 198//400
f 201//401 205//401 207//401
f 201//402 207//402 203//402
f 202//403 208//403 206//403
f 202//404 204//404 208//404
f 203//405 204//405 207//405
f 207//406 204//406 208//406
f 201//407 205//407 202//407
f 205//408 206//408 202//408
f 205//409 209//409 211//409
f 205//410 211//410 207//410
f 206//411 212//411 210//411
f 206//412 208//412 212//412
f 207//413 208//413 211//413
f 211//414 208//414 212//414
f 205//415 209//415 206//415
f 209//416 210//416 206//416
f 209//417 213//417 215//417
f 209//418 215//418 211//418
f 210//419 216//419 214//419
f 210//420 212//420 216//420
f 211//421 212//421 215//421
f 215//422 212//422 216//422
f 209//423 213//423 210//423
f 213//424 214//424 210//424
f 213//425 217//425 219//425
f 213//426 219//426 215//426
f 214//427 220//427 218//427
f 214//428 216//428 220//428
f 215//429 216//429 219//429
f 219//430 216//430 220//430
f 213//431 217//431 214//431
f 217//432 218//432 214//432
f 217//433 221//433 223//433
f 217//434 223//434 219//434
f 218//435 224//435 222//435
f 218//436 220//436 224//436
f 219//437 220//437 223//437
f 223//438 220//438 224//438
f 217//439 221//439 218//439
f 221//440 222//440 218//440
f 221//441 225//441 227//441
f 221//442 227//442 223//442
f 222//443 228//443 226//443
f 222//444 224//444 228//444
f 223//445 224//445 227//445
f 227//446 224//446 228//446
f 221//447 225//447 222//447
f 225//448 226//448 222//448
f 225//449 229//449 231//449
f 225//450 231//450 227//450
f 226//451 232//451 230//451
f 226//452 228//452 232//452
f 227//453 228//453 231//453
f 231//454 228//454 232//454
f 225//455 229//455 226//455
f 229//456 230//456 226//456
f 229//457 233//457 235//457
f 229//458 235//458 231//458
f 230//459 236//459 234//459
f 230//460 232//460 236//460
f 231//461 232//461 235//461
f 235//462 232//462 236//462
f 229//463 233//463 230//463
f 233//464 234//464 230//464
f 233//465 237//465 239//465
f 233//466 239//466 235//466
f 234//467 240//467 238//467
f 234//468 236//468 240//468
f 235//469 236//469 239//469
f 239//470 236//470 240//470
f 233//471 237//471 234//471
f 237//472 238//472 234//472
f 237//473 241//473 243//473
f 237//474 243//474 239//474
f 238//475 244//475 242//475
f 238//476 240//476 244//476
f 239//477 240//477 243//477
f 243//478 240//478 244//478
f 237//479 241//479 238//479
f 241//480 242//480 238//480
f 241//481 245//481 247//481
f 241//482 247//482 243//482
f 242//483 248//483 246//483
f 242//484 244//484 248//484
f 243//485 244//485 247//485
f 247//486 244//486 248//486
f 241//487 245//487 242//487
f 245//488 246//488 242//488
f 245//489 249//489 251//489
f 245//490 251//490 247//490
f 246//491 252//491 250//491
f 246//492 248//492 252//492
f 247//493 248//493 251//493
f 251//494 248//494 252//494
f 245//495 249//495 246//495
f 249//496 250//496 246//496
f 249//497 253//497 255//497
f 249//498 255//498 251//498
f 250//499 256//499 254//499
f 250//500 252//500 256//500
f 251//501 252//501 255//501
f 255//502 252//502 256//502
f 249//503 253//503 250//503
f 253//504 254//504 250//504
f 253//505 257//505 259//505
f 253//506 259//506 255//506
f 254//507 260//507 258//507
f 254//508 256//508 260//508
f 255//509 256//509 259//509
f 259//510 256//510 260//510
f 253//511 257//511 254//511
f 257//512 258//512 254//512
f 257//513 261//513 263//513
f 257//514 263//514 259//514
f 258//515 264//515 262//515
f 258//516 260//516 264//516
f 259//517 260//517 263//517
f 263//518 260//518 264//518
f 257//519 261//519 258//519
f 261//520 262//520 258//520
f 261//521 265//521 267//521
f 261//522 267//522 263//522
f 262//523 268//523 266//523
f 262//524 264//524 268//524
f 263//525 264//525 267//525
f 267//526 264//526 268//526
f 261//527 265//527 262//527
f 265//528 266//528 262//528
f 265//529 269//529 271//529
f 265//530 271//530 267//530
f 266//531 272//531 270//531
f 266//532 268//532 272//532
f 267//533 268//533 271//533
f 271//534 268//534 272//534
f 265//535 269//535 266//535
f 269//536 270//536 266//536
f 269//537 273//537 275//537
f 269//538 275//538 271//538
f 270//539 276//539 274//539
f 270//540 272//540 276//540
f 271//541 272//541 275//541
f 275//542 272//542 276//542
f 269//543 273//543 270//543
f 273//544 274//544 270//544
f 273//545 277//545 279//545
f 273//546 279//546 275//546
f 274//547 280//547 278//547
f 274//548 276//548 280//548
f 275//549 276//549 279//549
f 279//550 276//550 280//550
f 273//551 277//551 274//551
f 277//552 278//552 274//552
f 277//553 281//553 283//553
f 277//554 283//554 279//554
f 278//555 284//555 282//555
f 278//556 280//556 284//556
f 279//557 280//557 283//557
f 283//558 280//558 284//558
f 277//559 281//559 278//559
f 281//560 282//560 278//560
f 281//561 285//561 287//561
f 281//562 287//562 283//562
f 282//563 288//563 286//563
f 282//564 284//564 288//564
f 283//565 284//565 287//565
f 287//566 284//566 288//566
f 281//567 285//567 282//567
f 285//568 286//568 282//568
f 285//569 289//569 291//569
f 285//570 291//570 287//570
f 286//571 292//571 290//571
f 286//572 288//572 292//572
f 287//573 288//573 291//573
f 291//574 288//574 292//574
f 285//575 289//575 286//575
f 289//576 290//576 286//576
f 289//577 293//577 295//577
f 289//578 295//578 291//578
f 290//579 296//579 294//579
f 290//580 292//580 296//580
f 291//581 292//581 295//581
f 295//582 292//582 296//582
f 289//583 293//583 290//583
f 293//584 294//584 290//584
f 293//585 297//585 299//585
f 293//586 299//586 295//586
f 294//587 300//587 298//587
f 294//588 296//588 300//588
f 295//589 296//589 299//589
f 299//590 296//590 300//590
f 293//591 297//591 294//591
f 297//592 298//592 294//592
f 297//593 301//593 303//593
f 297//594 303//594 299//594
f 298//595 304//595 302//595
f 298//596 300//596 304//596
f 299//597 300//597 303//597
f 303//598 300//598 304//598
f 297//599 301//599 298//599
f 301//600 302//600 298//600
f 301//601 305//601 307//601
f 301//602 307//602 303//602
f 302//603 308//603 306//603
f 302//604 304//604 308//604
f 303//605 304//605 307//605
f 307//606 304//606 308//606
f 301//607 305//607 302//607
f 305//608 306//608 302//608
f 305//609 309//609 311//609
f 305//610 311//610 307//610
f 306//611 312//611 310//611
f 306//612 308//612 312//612
f 307//613 308//613 311//613
f 311//614 308//614 312//614
f 305//615 309//615 306//615
f 309//616 310//616 306//616
f 309//617 313//617 315//617
f 309//618 315//618 311//618
f 310//619 316//619 314//619
f 310//620 312//620 316//620
f 311//621 312//621 315//621
f 315//622 312//622 316//622
f 309//623 313//623 310//623
f 313//624 314//624 310//624
f 313//625 317//625 319//625
f 313//626 319//626 315//626
f 314//627 320//627 318//627
f 314//628 316//628 320//628
f 315//629 316//629 319//629
f 319//630 316//630 320//630
f 313//631 317//631 314//631
f 317//632 318//632 314//632
f 317//633 321//633 323//633
f 317//634 323//634 319//634
f 318//635 324//635 322//635
f 318//636 320//636 324//636
f 319//637 320//637 323//637
f 323//638 320//638 324//638
f 317//639 321//639 318//639
f 321//640 322//640 318//640
f 321//641 325//641 327//641
f 321//642 327//642 323//642
f 322//643 328//643 326//643
f 322//644 324//644 328//644
f 323//645 324//645 327//645
f 327//646 324//646 328//646
f 321//647 325//647 322//647
f 325//648 326//648 322//648
f 325//649 329//649 331//649
f 325//650 331//650 327//650
f 326//651 332//651 330//651
f 326//652 328//652 332//652
f 327//653 328//653 331//653
f 331//654 328//654 332//654
f 325//655 329//655 326//655
f 329//656 330//656 326//656
f 329//657 333//657 335//657
f 329//658 335//658 331//658
f 330//659 336//659 334//659
f 330//660 332//660 336//660
f 331//661 332//661 335//661
f 335//662 332//662 336//662
f 329//663 333//663 330//663
f 333//664 334//664 330//664
f 333//665 337//665 339//665
f 333//666 339//666 335//666
f 334//667 340//667 338//667
f 334//668 336//668 340//668
f 335//669 336//669 339//669
f 339//670 336//670 340//670
f 333//671 337//671 334//671
f 337//672 338//672 334//672
f 337//673 341//673 343//673
f 337//674 343//674 339//674
f 338//675 344//675 342//675
f 338//676 340//676 344//676
f 339//677 340//677 343//677
f 343//678 340//678 344//678
f 337//679 341//679 338//679
f 341//680 342//680 338//680
f 341//681 345//681 347//681
f 341//682 347//682 343//682
f 342//683 348//683 346//683
f 342//684 344//684 348//684
f 343//685 344//685 347//685
f 347//686 344//686 348//686
f 341//687 345//687 342//687
f 345//688 346//688 342//688
f 345//689 349//689 351//689
f 345//690 351//690 347//690
f 346//691 352//691 350//691
f 346//692 348//692 352//692
f 347//693 348//693 351//693
f 351//694 348//694 352//694
f 345//695 349//695 346//695
f 349//696 350//696 346//696
f 349//697 353//697 355//697
f 349//698 355//698 351//698
f 350//699 356//699 354//699
f 350//700 352//700 356//700
f 351//701 352//701 355//701
f 355//702 352//702 356//702
f 349//703 353//703 350//703
f 353//704 354//704 350//704
f 353//705 357//705 359//705
f 353//706 359//706 355//706
f 354//707 360//707 358//707
f 354//708 356//708 360//708
f 355//709 356//709 359//709
f 359//710 356//710 360//710
f 353//711 357//711 354//711
f 357//712 358//712 354//712
f 357//713 361//713 363//713
f 357//714 363//714 359//714
f 358//715 364//715 362//715
f 358//716 360//716 364//716
f 359//717 360//717 363//717
f 363//718 360//718 364//718
f 357//719 361//719 358//719
f 361//720 362//720 358//720
f 361//721 365//721 367//721
f 361//722 367//722 363//722
f 362//723 368//723 366//723
f 362//724 364//724 368//724
f 363//725 364//725 367//725
f 367//726 364//726 368//726
f 361//727 365//727 362//727
f 365//728 366//728 362//728
f 365//729 369//729 371//729
f 365//730 371//730 367//730
f 366//731 372//731 370//731
f 366//732 368//732 372//732
f 367//733 368//733 371//733
f 371//734 368//734 372//734
f 365//735 369//735 366//735
f 369//736 370//736 366//736
f 369//737 373//737 375//737
f 369//738 375//738 371//738
f 370//739 376//739 374//739
f 370//740 372//740 376//740
f 371//741 372//741 375//741
f 375//742 372//742 376//742
f 369//743 373//743 370//743
f 373//744 374//744 370//744
f 373//745 377//745 379//745
f 373//746 379//746 375//746
f 374//747 380//747 378//747
f 374//748 376//748 380//748
f 375//749 376//749 379//749
f 379//750 376//750 380//750
f 373//751 377//751 374//751
f 377//752 378//752 374//752
f 377//753 381//753 383//753
f 377//754 383//754 379//754
f 378//755 384//755 382//755
f 378//756 380//756 384//756
f 379//757 380//757 383//757
f 383//758 380//758 384//758
f 377//759 381//759 378//759
f 381//760 382//760 378//760
f 381//761 385//761 387//761
f 381//762 387//762 383//762
f 382//763 388//763 386//763
f 382//764 384//764 388//764
f 383//765 384//765 387//765
f 387//766 384//766 388//766
f 381//767 385//767 382//767
f 385//768 386//768 382//768
f 385//769 389//769 391//769
f 385//770 391//770 387//770
f 386//771 392//771 390//771
f 386//772 388//772 392//772
f 387//773 388//773 391//773
f 391//774 388//774 392//774
f 385//775 389//775 386//775
f 389//776 390//776 386//776
f 389//777 393//777 395//777
f 389//778 395//778 391//778
f 390//779 396//779 394//779
f 390//780 392//780 396//780
f 391//781 392//781 395//781
f 395//782 392//782 396//782
f 389//783 393//783 390//783
f 393//784 394//784 390//784
f 393//785 397//785 399//785
f 393//786 399//786 395//786
f 394//787 400//787 398//787
f 394//788 396//788 400//788
f 395//789 396//789 399//789
f 399//790 396//790 400//790
f 393//791 397//791 394//791
f 397//792 398//792 394//792
f 397//793 401//793 403//793
f 397//794 403//794 399//794
f 398//795 404//795 402//795
f 398//796 400//796 404//796
f 399//797 400//797 403//797
f 403//798 400//798 404//798
f 397//799 401//799 398//799
f 401//800 402//800 398//800
f 401//801 405//801 407//801
f 401//802 407//802 403//802
f 402//803 408//803 406//803
f 402//804 404//804 408//804
f 403//805 404//805 407//805
f 407//806 404//806 408//806
f 401//807 405//807 402//807
f 405//808 406//808 402//808
f 405//809 409//809 411//809
f 405//810 411//810 407//810
f 406//811 412//811 410//811
f 406//812 408//812 412//812
f 407//813 408//813 411//813
f 411//814 408//814 412//814
f 405//815 409//815 406//815
f 409//816 410//816 406//816
f 409//817 413//817 415//817
f 409//818 415//818 411//818
f 410//819 416//819 414//819
f 410//820 412//820 416//820
f 411//821 412//821 415//821
f 415//822 412//822 416//822
f 409//823 413//823 410//823
f 413//824 414//824 410//824
f 413//825 417//825 419//825
f 413//826 419//826 415//826
f 414//827 420//827 418//827
f 414//828 416//828 420//828
f 415//829 416//829 419//829
f 419//830 416//830 420//830
f 413//831 417//831 414//831
f 417//832 418//832 414//832
f 417//833 421//833 423//833
f 417//834 423//834 419//834
f 418//835 424//835 422//835
f 418//836 420//836 424//836
f 419//837 420//837 423//837
f 423//838 420//838 424//838
f 417//839 421//839 418//839
f 421//840 422//840 418//840
f 421//841 425//841 427//841
f 421//842 427//842 423//842
f 422//843 428//843 426//843
f 422//844 424//844 428//844
f 423//845 424//845 427//845
f 427//846 424//846 428//846
f 421//847 425//847 422//847
f 425//848 426//848 422//848
f 425//849 429//849 431//849
f 425//850 431//850 427//850
f 426//851 432//851 430//851
f 426//852 428//852 432//852
f 427//853 428//853 431//853
f 431//854 428//854 432//854
f 425//855 429//855 426//855
f 429//856 430//856 426//856
f 429//857 433//857 435//857
f 429//858 435//858 431//858
f 430//859 436//859 434//859
f 430//860 432//860 436//860
f 431//861 432//861 435//861
f 435//862 432//862 436//862
f 429//863 433//863 430//863
f 433//864 434//864 430//864
f 433//865 437//865 439//865
f 433//866 439//866 435//866
f 434//867 440//867 438//867
f 434//868 436//868 440//868
f 435//869 436//869 439//869
f 439//870 436//870 440//870
f 433//871 437//871 434//871
f 437//872 438//872 434//872
f 437//873 441//873 443//873
f 437//874 443//874 439//874
f 438//875 444//875 442//875
f 438//876 440//876 444//876
f 439//877 440//877 443//877
f 443//878 440//878 444//878
f 437//879 441//879 438//879
f 441//880 442//880 438//880
f 441//881 445//881 447//881
f 441//882 447//882 443//882
f 442//883 448//883 446//883
f 442//884 444//884 448//884
f 443//885 444//885 447//885
f 447//886 444//886 448//886
f 441//887 445//887 442//887
f 445//888 446//888 442//888
f 445//889 449//889 451//889
f 445//890 451//890 447//890
f 446//891 452//891 450//891
f 446//892 448//892 452//892
f 447//893 448//893 451//893
f 451//894 448//894 452//894
f 445//895 449//895 446//895
f 449//896 450//896 446//896
f 449//897 453//897 455//897
f 449//898 455//898 451//898
f 450//899 456//899 454//899
f 450//900 452//900 456//900
f 451//901 452//901 455//901
f 455//902 452//902 456//902
f 449//903 453//903 450//903
f 453//904 454//904 450//904
f 453//905 457//905 459//905
f 453//906 459//906 455//906
f 454//907 460//907 458//907
f 454//908 456//908 460//908
f 455//909 456//909 459//909
f 459//910 456//910 460//910
f 453//911 457//911 454//911
f 457//912 458//912 454//912
f 457//913 461//913 463//913
f 457//914 463//914 459//914
f 458//915 464//915 462//915
f 458//916 460//916 464//916
f 459//917 460//917 463//917
f 463//918 460//918 464//918
f 457//919 461//919 458//919
f 461//920 462//920 458//920
f 461//921 465//921 467//921
f 461//922 467//922 463//922
f 462//923 468//923 466//923
f 462//924 464//924 468//924
f 463//925 464//925 467//925
f 467//926 464//926 468//926
f 461//927 465//927 462//927
f 465//928 466//928 462//928
f 465//929 469//929 471//929
f 465//930 471//930 467//930
f 466//931 472//931 470//931
f 466//932 468//932 472//932
f 467//933 468//933 471//933
f 471//934 468//934 472//934
f 465//935 469//935 466//935
f 469//936 470//936 466//936
f 469//937 473//937 475//937
f 469//938 475//938 471//938
f 470//939 476//939 474//939
f 470//940 472//940 476//940
f 471//941 472//941 475//941
f 475//942 472//942 476//942
f 469//943 473//943 470//943
f 473//944 474//944 470//944
f 473//945 477//945 479//945
f 473//946 479//946 475//946
f 474//947 480//947 478//947
f 474//948 476//948 480//948
f 475//949 476//949 479//949
f 479//950 476//950 480//950
f 473//951 477//951 474//951
f 477//952 478//952 474//952
f 477//953 1//953 3//953
f 477//954 3//954 479//954
f 478//955 4//955 2//955
f 478//956 480//956 4//956
f 479//957 480//957 3//957
f 3//958 480//958 4//958
f 477//959 1//959 478//959
f 1//960 2//960 478//960
f 481//961 485//961 487//961
f 481//962 487//962 483//962
f 482//963 488//963 486//963
f 482//964 484//964 488//964
f 483//965 484//965 487//965
f 487//966 484//966 488//966
f 481//967 485//967 482//967
f 485//968 486//968 482//968
f 485//969 489//969 491//969
f 485//970 491//970 487//970
f 486//971 492//971 490//971
f 486//972 488//972 492//972
f 487//973 488//973 491//973
f 491//974 488//974 492//974
f 485//975 489//975 486//975
f 489//976 490//976 486//976
f 489//977 493//977 495//977
f 489//978 495//978 491//978
f 490//979 496//979 494//979
f 490//980 492//980 496//980
f 491//981 492//981 495//981
f 495//982 492//982 496//982
f 489//983 493//983 490//983
f 493//984 494//984 490//984
f 493//985 497//985 499//985
f 493//986 499//986 495//986
f 494//987 500//987 498//987
f 494//988 496//988 500//988
f 495//989 496//989 499//989
f 499//990 496//990 500//990
f 493//991 497//991 494//991
f 497//992 498//992 494//992
f 497//993 501//993 503//993
f 497//994 503//994 499//994
f 498//995 504//995 502//995
f 498//996 500//996 504//996
f 499//997 500//997 503//997
f 503//998 500//998 504//998
f 497//999 501//999 498//999
f 501//1000 502//1000 498//1000
f 501//1001 505//1001 507//1001
f 501//1002 507//1002 503//1002
f 502//1003 508//1003 506//1003
f 502//1004 504//1004 508//1004
f 503//1005 504//1005 507//1005
f 507//1006 504//1006 508//1006
f 501//1007 505//1007 502//1007
f 505//1008 506//1008 502//1008
f 505//1009 509//1009 511//1009
f 505//1010 511//1010 507//1010
f 506//1011 512//1011 510//1011
f 506//1012 508//1012 512//1012
f 507//1013 508//1013 511//1013
f 511//1014 508//1014 512//1014
f 505//1015 509//1015 506//1015
f 509//1016 510//1016 506//1016
f 509//1017 513//1017 515//1017
f 509//1018 515//1018 511//1018
f 510//1019 516//1019 514//1019
f 510//1020 512//1020 516//1020
f 511//1021 512//1021 515//1021
f 515//1022 512//1022 516//1022
f 509//1023 513//1023 510//1023
f 513//1024 514//1024 510//1024
f 513//1025 517//1025 519//1025
f 513//1026 519//1026 515//1026
f 514//1027 520//1027 518//1027
f 514//1028 516//1028 520//1028
f 515//1029 516//1029 519//1029
f 519//1030 516//1030 520//1030
f 513//1031 517//1031 514//1031
f 517//1032 518//1032 514//1032
f 517//1033 521//1033 523//1033
f 517//1034 523//1034 519//1034
f 518//1035 524//1035 522//1035
f 518//1036 520//1036 524//1036
f 519//1037 520//1037 523//1037
f 523//1038 520//1038 524//1038
f 517//1039 521//1039 518//1039
f 521//1040 522//1040 518//1040
f 521//1041 525//1041 527//1041
f 521//1042 527//1042 523//1042
f 522//1043 528//1043 526//1043
f 522//1044 524//1044 528//1044
f 523//1045 524//1045 527//1045
f 527//1046 524//1046 528//1046
f 521//1047 525//1047 522//1047
f 525//1048 526//1048 522//1048
f 525//1049 529//1049 531//1049
f 525//1050 531//1050 527//1050
f 526//1051 532//1051 530//1051
f 526//1052 528//1052 532//1052
f 527//1053 528//1053 531//1053
f 531//1054 528//1054 532//1054
f 525//1055 529//1055 526//1055
f 529//1056 530//1056 526//1056
f 529//1057 533//1057 535//1057
f 529//1058 535//1058 531//1058
f 530//1059 536//1059 534//1059
f 530//1060 532//1060 536//1060
f 531//1061 532//1061 535//1061
f 535//1062 532//1062 536//1062
f 529//1063 533//1063 530//1063
f 533//1064 534//1064 530//1064
f 533//1065 537//1065 539//1065
f 533//1066 539//1066 535//1066
f 534//1067 540//1067 538//1067
f 534//1068 536//1068 540//1068
f 535//1069 536//1069 539//1069
f 539//1070 536//1070 540//1070
f 533//1071 537//1071 534//1071
f 537//1072 538//1072 534//1072
f 537//1073 541//1073 543//1073
f 537//1074 543//1074 539//1074
f 538//1075 544//1075 542//1075
f 538//1076 540//1076 544//1076
f 539//1077 540//1077 543//1077
f 543//1078 540//1078 544//1078
f 537//1079 541//1079 538//1079
f 541//1080 542//1080 538//1080
f 541//1081 545//1081 547//1081
f 541//1082 547//1082 543//1082
f 542//1083 548//1083 546//1083
f 542//1084 544//1084 548//1084
f 543//1085 544//1085 547//1085
f 547//1086 544//1086 548//1086
f 541//1087 545//1087 542//1087
f 545//1088 546//1088 542//1088
f 545//1089 549//1089 551//1089
f 545//1090 551//1090 547//1090
f 546//1091 552//1091 550//1091
f 546//1092 548//1092 552//1092
f 547//1093 548//1093 551//1093
f 551//1094 548//1094 552//1094
f 545//1095 549//1095 546//1095
f 549//1096 550//1096 546//1096
f 549//1097 553//1097 555//1097
f 549//1098 555//1098 551//1098
f 550//1099 556//1099 554//1099
f 550//1100 552//1100 556//1100
f 551//1101 552//1101 555//1101
f 555//1102 552//1102 556//1102
f 549//1103 553//1103 550//1103
f 553//1104 554//1104 550//1104
f 553//1105 557//1105 559//1105
f 553//1106 559//1106 555//1106
f 554//1107 560//1107 558//1107
f 554//1108 556//1108 560//1108
f 555//1109 556//1109 559//1109
f 559//1110 556//1110 560//1110
f 553//1111 557//1111 554//1111
f 557//1112 558//1112 554//1112
f 557//1113 561//1113 563//1113
f 557//1114 563//1114 559//1114
f 558//1115 564//1115 562//1115
f 558//1116 560//1116 564//1116
f 559//1117 560//1117 563//1117
f 563//1118 560//1118 564//1118
f 557//1119 561//1119 558//1119
f 561//1120 562//1120 558//1120
f 561//1121 565//1121 567//1121
f 561//1122 567//1122 563//1122
f 562//1123 568//1123 566//1123
f 562//1124 564//1124 568//1124
f 563//1125 564//1125 567//1125
f 567//1126 564//1126 568//1126
f 561//1127 565//1127 562//1127
f 565//1128 566//1128 562//1128
f 565//1129 569//1129 571//1129
f 565//1130 571//1130 567//1130
f 566//1131 572//1131 570//1131
f 566//1132 568//1132 572//1132
f 567//1133 568//1133 571//1133
f 571//1134 568//1134 572//1134
f 565//1135 569//1135 566//1135
f 569//1136 570//1136 566//1136
f 569//1137 573//1137 575//1137
f 569//1138 575//1138 571//1138
f 570//1139 576//1139 574//1139
f 570//1140 572//1140 576//1140
f 571//1141 572//1141 575//1141
f 575//1142 572//1142 576//1142
f 569//1143 573//1143 570//1143
f 573//1144 574//1144 570//1144
f 573//1145 577//1145 579//1145
f 573//1146 579//1146 575//1146
f 574//1147 580//1147 578//1147
f 574//1148 576//1148 580//1148
f 575//1149 576//1149 579//1149
f 579//1150 576//1150 580//1150
f 573//1151 577//1151 574//1151
f 577//1152 578//1152 574//1152
f 577//1153 581//1153 583//1153
f 577//1154 583//1154 579//1154
f 578//1155 584//1155 582//1155
f 578//1156 580//1156 584//1156
f 579//1157 580//1157 583//1157
f 583//1158 580//1158 584//1158
f 577//1159 581//1159 578//1159
f 581//1160 582//1160 578//1160
f 581//1161 585//1161 587//1161
f 581//1162 587//1162 583//1162
f 582//1163 588//1163 586//1163
f 582//1164 584//1164 588//1164
f 583//1165 584//1165 587//1165
f 587//1166 584//1166 588//1166
f 581//1167 585//1167 582//1167
f 585//1168 586//1168 582//1168
f 585//1169 589//1169 591//1169
f 585//1170 591//1170 587//1170
f 586//1171 592//1171 590//1171
f 586//1172 588//1172 592//1172
f 587//1173 588//1173 591//1173
f 591//1174 588//1174 592//1174
f 585//1175 589//1175 586//1175
f 589//1176 590//1176 586//1176
f 589//1177 593//1177 595//1177
f 589//1178 595//1178 591//1178
f 590//1179 596//1179 594//1179
f 590//1180 592//1180 596//1180
f 591//1181 592//1181 595//1181
f 595//1182 592//1182 596//1182
f 589//1183 593//1183 590//1183
f 593//1184 594//1184 590//1184
f 593//1185 597//1185 599//1185
f 593//1186 599//1186 595//1186
f 594//1187 600//1187 598//1187
f 594//1188 596//1188 600//1188
f 595//1189 596//1189 599//1189
f 599//1190 596//1190 600//1190
f 593//1191 597//1191 594//1191
f 597//1192 598//1192 594//1192
f 597//1193 601//1193 603//1193
f 597//1194 603//1194 599//1194
f 598//1195 604//1195 602//1195
f 598//1196 600//1196 604//1196
f 599//1197 600//1197 603//1197
f 603//1198 600//1198 604//1198
f 597//1199 601//1199 598//1199
f 601//1200 602//1200 598//1200
f 601//1201 605//1201 607//1201
f 601//1202 607//1202 603//1202
f 602//1203 608//1203 606//1203
f 602//1204 604//1204 608//1204
f 603//1205 604//1205 607//1205
f 607//1206 604//1206 608//1206
f 601//1207 605//1207 602//1207
f 605//1208 606//1208 602//1208
f 605//1209 609//1209 611//1209
f 605//1210 611//1210 607//1210
f 606//1211 612//1211 610//1211
f 606//1212 608//1212 612//1212
f 607//1213 608//1213 611//1213
f 611//1214 608//1214 612//1214
f 605//1215 609//1215 606//1215
f 609//1216 610//1216 606//1216
f 609//1217 613//1217 615//1217
f 609//1218 615//1218 611//1218
f 610//1219 616//1219 614//1219
f 610//1220 612//1220 616//1220
f 611//1221 612//1221 615//1221
f 615//1222 612//1222 616//1222
f 609//1223 613//1223 610//1223
f 613//1224 614//1224 610//1224
f 613//1225 617//1225 619//1225
f 613//1226 619//1226 615//1226
f 614//1227 620//1227 618//1227
f 614//1228 616//1228 620//1228
f 615//1229 616//1229 619//1229
f 619//1230 616//1230 620//1230
f 613//1231 617//1231 614//1231
f 617//1232 618//1232 614//1232
f 617//1233 621//1233 623//1233
f 617//1234 623//1234 619//1234
f 618//1235 624//1235 622//1235
f 618//1236 620//1236 624//1236
f 619//1237 620//1237 623//1237
f 623//1238 620//1238 624//1238
f 617//1239 621//1239 618//1239
f 621//1240 622//1240 618//1240
f 621//1241 625//1241 627//1241
f 621//1242 627//1242 623//1242
f 622//1243 628//1243 626//1243
f 622//1244 624//1244 628//1244
f 623//1245 624//1245 627//1245
f 627//1246 624//1246 628//1246
f 621//1247 625//1247 622//1247
f 625//1248 626//1248 622//1248
f 625//1249 629//1249 631//1249
f 625//1250 631//1250 627//1250
f 626//1251 632//1251 630//1251
f 626//1252 628//1252 632//1252
f 627//1253 628//1253 631//1253
f 631//1254 628//1254 632//1254
f 625//1255 629//1255 626//1255
f 629//1256 630//1256 626//1256
f 629//1257 633//1257 635//1257
f 629//1258 635//1258 631//1258
f 630//1259 636//1259 634//1259
f 630//1260 632//1260 636//1260
f 631//1261 632//1261 635//1261
f 635//1262 632//1262 636//1262
f 629//1263 633//1263 630//1263
f 633//1264 634//1264 630//1264
f 633//1265 637//1265 639//1265
f 633//1266 639//1266 635//1266
f 634//1267 640//1267 638//1267
f 634//1268 636//1268 640//1268
f 635//1269 636//1269 639//1269
f 639//1270 636//1270 640//1270
f 633//1271 637//1271 634//1271
f 637//1272 638//1272 634//1272
f 637//1273 641//1273 643//1273
f 637//1274 643//1274 639//1274
f 638//1275 644//1275 642//1275
f 638//1276 640//1276 644//1276
f 639//1277 640//1277 643//1277
f 643//1278 640//1278 644//1278
f 637//1279 641//1279 638//1279
f 641//1280 642//1280 638//1280
f 641//1281 645//1281 647//1281
f 641//1282 647//1282 643//1282
f 642//1283 648//1283 646//1283
f 642//1284 644//1284 648//1284
f 643//1285 644//1285 647//1285
f 647//1286 644//1286 648//1286
f 641//1287 645//1287 642//1287
f 645//1288 646//1288 642//1288
f 645//1289 649//1289 651//1289
f 645//1290 651//1290 647//1290
f 646//1291 652//1291 650//1291
f 646//1292 648//1292 652//1292
f 647//1293 648//1293 651//1293
f 651//1294 648//1294 652//1294
f 645//1295 649//1295 646//1295
f 649//1296 650//1296 646//1296
f 649//1297 653//1297 655//1297
f 649//1298 655//1298 651//1298
f 650//1299 656//1299 654//1299
f 650//1300 652//1300 656//1300
f 651//1301 652//1301 655//1301
f 655//1302 652//1302 656//1302
f 649//1303 653//1303 650//1303
f 653//1304 654//1304 650//1304
f 653//1305 657//1305 659//1305
f 653//1306 659//1306 655//1306
f 654//1307 660//1307 658//1307
f 654//1308 656//1308 660//1308
f 655//1309 656//1309 659//1309
f 659//1310 656//1310 660//1310
f 653//1311 657//1311 654//1311
f 657//1312 658//1312 654//1312
f 657//1313 661//1313 663//1313
f 657//1314 663//1314 659//1314
f 658//1315 664//1315 662//1315
f 658//1316 660//1316 664//1316
f 659//1317 660//1317 663//1317
f 663//1318 660//1318 664//1318
f 657//1319 661//1319 658//1319
f 661//1320 662//1320 658//1320
f 661//1321 665//1321 667//1321
f 661//1322 667//1322 663//1322
f 662//1323 668//1323 666//1323
f 662//1324 664//1324 668//1324
f 663//1325 664//1325 667//1325
f 667//1326 664//1326 668//1326
f 661//1327 665//1327 662//1327
f 665//1328 666//1328 662//1328
f 665//1329 669//1329 671//1329
f 665//1330 671//1330 667//1330
f 666//1331 672//1331 670//1331
f 666//1332 668//1332 672//1332
f 667//1333 668//1333 671//1333
f 671//1334 668//1334 672//1334
f 665//1335 669//1335 666//1335
f 669//1336 670//1336 666//1336
f 669//1337 673//1337 675//1337
f 669//1338 675//1338 671//1338
f 670//1339 676//1339 674//1339
f 670//1340 672//1340 676//1340
f 671//1341 672//1341 675//1341
f 675//1342 672//1342 676//1342
f 669//1343 673//1343 670//1343
f 673//1344 674//1344 670//1344
f 673//1345 677//1345 679//1345
f 673//1346 679//1346 675//1346
f 674//1347 680//1347 678//1347
f 674//1348 676//1348 680//1348
f 675//1349 676//1349 679//1349
f 679//1350 676//1350 680//1350
f 673//1351 677//1351 674//1351
f 677//1352 678//1352 674//1352
f 677//1353 681//1353 683//1353
f 677//1354 683//1354 679//1354
f 678//1355 684//1355 682//1355
f 678//1356 680//1356 684//1356
f 679//1357 680//1357 683//1357
f 683//1358 680//1358 684//1358
f 677//1359 681//1359 678//1359
f 681//1360 682//1360 678//1360
f 681//1361 685//1361 687//1361
f 681//1362 687//1362 683//1362
f 682//1363 688//1363 686//1363
f 682//1364 684//1364 688//1364
f 683//1365 684//1365 687//1365
f 687//1366 684//1366 688//1366
f 681//1367 685//1367 682//1367
f 685//1368 686//1368 682//1368
f 685//1369 689//1369 691//1369
f 685//1370 691//1370 687//1370
f 686//1371 692//1371 690//1371
f 686//1372 688//1372 692//1372
f 687//1373 688//1373 691//1373
f 691//1374 688//1374 692//1374
f 685//1375 689//1375 686//1375
f 689//1376 690//1376 686//1376
f 689//1377 693//1377 695//1377
f 689//1378 695//1378 691//1378
f 690//1379 696//1379 694//1379
f 690//1380 692//1380 696//1380
f 691//1381 692//1381 695//1381
f 695//1382 692//1382 696//1382
f 689//1383 693//1383 690//1383
f 693//1384 694//1384 690//1384
f 693//1385 697//1385 699//1385
f 693//1386 699//1386 695//1386
f 694//1387 700//1387 698//1387
f 694//1388 696//1388 700//1388
f 695//1389 696//1389 699//1389
f 699//1390 696//1390 700//1390
f 693//1391 697//1391 694//1391
f 697//1392 698//1392 694//1392
f 697//1393 701//1393 703//1393
f 697//1394 703//1394 699//1394
f 698//1395 704//1395 702//1395
f 698//1396 700//1396 704//1396
f 699//1397 700//1397 703//1397
f 703//1398 700//1398 704//1398
f 697//1399 701//1399 698//1399
f 701//1400 702//1400 698//1400
f 701//1401 705//1401 707//1401
f 701//1402 707//1402 703//1402
f 702//1403 708//1403 706//1403
f 702//1404 704//1404 708//1404
f 703//1405 704//1405 707//1405
f 707//1406 704//1406 708//1406
f 701//1407 705//1407 702//1407
f 705//1408 706//1408 702//1408
f 705//1409 709//1409 711//1409
f 705//1410 711//1410 707//1410
f 706//1411 712//1411 710//1411
f 706//1412 708//1412 712//1412
f 707//1413 708//1413 711//1413
f 711//1414 708//1414 712//1414
f 705//1415 709//1415 706//1415
f 709//1416 710//1416 706//1416
f 709//1417 713//1417 715//1417
f 709//1418 715//1418 711//1418
f 710//1419 716//1419 714//1419
f 710//1420 712//1420 716//1420
f 711//1421 712//1421 715//1421
f 715//1422 712//1422 716//1422
f 709//1423 713//1423 710//1423
f 713//1424 714//1424 710//1424
f 713//1425 717//1425 719//1425
f 713//1426 719//1426 715//1426
f 714//1427 720//1427 718//1427
f 714//1428 716//1428 720//1428
f 715//1429 716//1429 719//1429
f 719//1430 716//1430 720//1430
f 713//1431 717//1431 714//1431
f 717//1432 718//1432 714//1432
f 717//1433 721//1433 723//1433
f 717//1434 723//1434 719//1434
f 718//1435 724//1435 722//1435
f 718//1436 720//1436 724//1436
f 719//1437 720//1437 723//1437
f 723//1438 720//1438 724//1438
f 717//1439 721//1439 718//1439
f 721//1440 722//1440 718//1440
f 721//1441 725//1441 727//1441
f 721//1442 727//1442 723//1442
f 722//1443 728//1443 726//1443
f 722//1444 724//1444 728//1444
f 723//1445 724//1445 727//1445
f 727//1446 724//1446 728//1446
f 721//1447 725//1447 722//1447
f 725//1448 726//1448 722//1448
f 725//1449 729//1449 731//1449
f 725//1450 731//1450 727//1450
f 726//1451 732//1451 730//1451
f 726//1452 728//1452 732//1452
f 727//1453 728//1453 731//1453
f 731//1454 728//1454 732//1454
f 725//1455 729//1455 726//1455
f 729//1456 730//1456 726//1456
f 729//1457 733//1457 735//1457
f 729//1458 735//1458 731//1458
f 730//1459 736//1459 734//1459
f 730//1460 732//1460 736//1460
f 731//1461 732//1461 735//1461
f 735//1462 732//1462 736//1462
f 729//1463 733//1463 730//1463
f 733//1464 734//1464 730//1464
f 733//1465 737//1465 739//1465
f 733//1466 739//1466 735//1466
f 734//1467 740//1467 738//1467
f 734//1468 736//1468 740//1468
f 735//1469 736//1469 739//1469
f 739//1470 736//1470 740//1470
f 733//1471 737//1471 734//1471
f 737//1472 738//1472 734//1472
f 737//1473 741//1473 743//1473
f 737//1474 743//1474 739//1474
f 738//1475 744//1475 742//1475
f 738//1476 740//1476 744//1476
f 739//1477 740//1477 743//1477
f 743//1478 740//1478 744//1478
f 737//1479 741//1479 738//1479
f 741//1480 742//1480 738//1480
f 741//1481 745//1481 747//1481
f 741//1482 747//1482 743//1482
f 742//1483 748//1483 746//1483
f 742//1484 744//1484 748//1484
f 743//1485 744//1485 747//1485
f 747//1486 744//1486 748//1486
f 741//1487 745//1487 742//1487
f 745//1488 746//1488 742//1488
f 745//1489 749//1489 751//1489
f 745//1490 751//1490 747//1490
f 746//1491 752//1491 750//1491
f 746//1492 748//1492 752//1492
f 747//1493 748//1493 751//1493
f 751//1494 748//1494 752//1494
f 745//1495 749//1495 746//1495
f 749//1496 750//1496 746//1496
f 749//1497 753//1497 755//1497
f 749//1498 755//1498 751//1498
f 750//1499 756//1499 754//1499
f 750//1500 752//1500 756//1500
f 751//1501 752//1501 755//1501
f 755//1502 752//1502 756//1502
f 749//1503 753//1503 750//1503
f 753//1504 754//1504 750//1504
f 753//1505 757//1505 759//1505
f 753//1506 759//1506 755//1506
f 754//1507 760//1507 758//1507
f 754//1508 756//1508 760//1508
f 755//1509 756//1509 759//1509
f 759//1510 756//1510 760//1510
f 753//1511 757//1511 754//1511
f 757//1512 758//1512 754//1512
f 757//1513 761//1513 763//1513
f 757//1514 763//1514 759//1514
f 758//1515 764//1515 762//1515
f 758//1516 760//1516 764//1516
f 759//1517 760//1517 763//1517
f 763//1518 760//1518 764//1518
f 757//1519 761//1519 758//1519
f 761//1520 762//1520 758//1520
f 761//1521 765//1521 767//1521
f 761//1522 767//1522 763//1522
f 762//1523 768//1523 766//1523
f 762//1524 764//1524 768//1524
f 763//1525 764//1525 767//1525
f 767//1526 764//1526 768//1526
f 761//1527 765//1527 762//1527
f 765//1528 766//1528 762//1528
f 765//1529 769//1529 771//1529
f 765//1530 771//1530 767//1530
f 766//1531 772//1531 770//1531
f 766//1532 768//1532 772//1532
f 767//1533 768//1533 771//1533
f 771//1534 768//1534 772//1534
f 765//1535 769//1535 766//1535
f 769//1536 770//1536 766//1536
f 769//1537 773//1537 775//1537
f 769//1538 775//1538 771//1538
f 770//1539 776//1539 774//1539
f 770//1540 772//1540 776//1540
f 771//1541 772//1541 775//1541
f 775//1542 772//1542 776//1542
f 769//1543 773//1543 770//1543
f 773//1544 774//1544 770//1544
f 773//1545 777//1545 779//1545
f 773//1546 779//1546 775//1546
f 774//1547 780//1547 778//1547
f 774//1548 776//1548 780//1548
f 775//1549 776//1549 779//1549
f 779//1550 776//1550 780//1550
f 773//1551 777//1551 774//1551
f 777//1552 778//1552 774//1552
f 777//1553 781//1553 783//1553
f 777//1554 783//1554 779//1554
f 778//1555 784//1555 782//1555
f 778//1556 780//1556 784//1556
f 779//1557 780//1557 783//1557
f 783//1558 780//1558 784//1558
f 777//1559 781//1559 778//1559
f 781//1560 782//1560 778//1560
f 781//1561 785//1561 787//1561
f 781//1562 787//1562 783//1562
f 782//1563 788//1563 786//1563
f 782//1564 784//1564 788//1564
f 783//1565 784//1565 787//1565
f 787//1566 784//1566 788//1566
f 781//1567 785//1567 782//1567
f 785//1568 786//1568 782//1568
f 785//1569 789//1569 791//1569
f 785//1570 791//1570 787//1570
f 786//1571 792//1571 790//1571
f 786//1572 788//1572 792//1572
f 787//1573 788//1573 791//1573
f 791//1574 788//1574 792//1574
f 785//1575 789//1575 786//1575
f 789//1576 790//1576 786//1576
f 789//1577 793//1577 795//1577
f 789//1578 795//1578 791//1578
f 790//1579 796//1579 794//1579
f 790//1580 792//1580 796//1580
f 791//1581 792//1581 795//1581
f 795//1582 792//1582 796//1582
f 789//1583 793//1583 790//1583
f 793//1584 794//1584 790//1584
f 793//1585 797//1585 799//1585
f 793//1586 799//1586 795//1586
f 794//1587 800//1587 798//1587
f 794//1588 796//1588 800//1588
f 795//1589 796//1589 799//1589
f 799//1590 796//1590 800//1590
f 793//1591 797//1591 794//1591
f 797//1592 798//1592 794//1592
f 797//1593 801//1593 803//1593
f 797//1594 803//1594 799//1594
f 798//1595 804//1595 802//1595
f 798//1596 800//1596 804//1596
f 799//1597 800//1597 803//1597
f 803//1598 800//1598 804//1598
f 797//1599 801//1599 798//1599
f 801//1600 802//1600 798//1600
f 801//1601 805//1601 807//1601
f 801//1602 807//1602 803//1602
f 802//1603 808//1603 806//1603
f 802//1604 804//1604 808//1604
f 803//1605 804//1605 807//1605
f 807//1606 804//1606 808//1606
f 801//1607 805//1607 802//1607
f 805//1608 806//1608 802//1608
f 805//1609 809//1609 811//1609
f 805//1610 811//1610 807//1610
f 806//1611 812//1611 810//1611
f 806//1612 808//1612 812//1612
f 807//1613 808//1613 811//1613
f 811//1614 808//1614 812//1614
f 805//1615 809//1615 806//1615
f 809//1616 810//1616 806//1616
f 809//1617 813//1617 815//1617
f 809//1618 815//1618 811//1618
f 810//1619 816//1619 814//1619
f 810//1620 812//1620 816//1620
f 811//1621 812//1621 815//1621
f 815//1622 812//1622 816//1622
f 809//1623 813//1623 810//1623
f 813//1624 814//1624 810//1624
f 813//1625 817//1625 819//1625
f 813//1626 819//1626 815//1626
f 814//1627 820//1627 818//1627
f 814//1628 816//1628 820//1628
f 815//1629 816//1629 819//1629
f 819//1630 816//1630 820//1630
f 813//1631 817//1631 814//1631
f 817//1632 818//1632 814//1632
f 817//1633 821//1633 823//1633
f 817//1634 823//1634 819//1634
f 818//1635 824//1635 822//1635
f 818//1636 820//1636 824//1636
f 819//1637 820//1637 823//1637
f 823//1638 820//1638 824//1638
f 817//1639 821//1639 818//1639
f 821//1640 822//1640 818//1640
f 821//1641 825//1641 827//1641
f 821//1642 827//1642 823//1642
f 822//1643 828//1643 826//1643
f 822//1644 824//1644 828//1644
f 823//1645 824//1645 827//1645
f 827//1646 824//1646 828//1646
f 821//1647 825//1647 822//1647
f 825//1648 826//1648 822//1648
f 825//1649 829//1649 831//1649
f 825//1650 831//1650 827//1650
f 826//1651 832//1651 830//1651
f 826//1652 828//1652 832//1652
f 827//1653 828//1653 831//1653
f 831//1654 828//1654 832//1654
f 825//1655 829//1655 826//1655
f 829//1656 830//1656 826//1656
f 829//1657 833//1657 835//1657
f 829//1658 835//1658 831//1658
f 830//1659 836//1659 834//1659
f 830//1660 832//1660 836//1660
f 831//1661 832//1661 835//1661
f 835//1662 832//1662 836//1662
f 829//1663 833//1663 830//1663
f 833//1664 834//1664 830//1664
f 833//1665 837//1665 839//1665
f 833//1666 839//1666 835//1666
f 834//1667 840//1667 838//1667
f 834//1668 836//1668 840//1668
f 835//1669 836//1669 839//1669
f 839//1670 836//1670 840//1670
f 833//1671 837//1671 834//1671
f 837//1672 838//1672 834//1672
f 837//1673 841//1673 843//1673
f 837//1674 843//1674 839//1674
f 838//1675 844//1675 842//1675
f 838//1676 840//1676 844//1676
f 839//1677 840//1677 843//1677
f 843//1678 840//1678 844//1678
f 837//1679 841//1679 838//1679
f 841//1680 842//1680 838//1680
f 841//1681 845//1681 847//1681
f 841//1682 847//1682 843//1682
f 842//1683 848//1683 846//1683
f 842//1684 844//1684 848//1684
f 843//1685 844//1685 847//1685
f 847//1686 844//1686 848//1686
f 841//1687 845//1687 842//1687
f 845//1688 846//1688 842//1688
f 845//1689 849//1689 851//1689
f 845//1690 851//1690 847//1690
f 846//1691 852//1691 850//1691
f 846//1692 848//1692 852//1692
f 847//1693 848//1693 851//1693
f 851//1694 848//1694 852//1694
f 845//1695 849//1695 846//1695
f 849//1696 850//1696 846//1696
f 849//1697 853//1697 855//1697
f 849//1698 855//1698 851//1698
f 850//1699 856//1699 854//1699
f 850//1700 852//1700 856//1700
f 851//1701 852//1701 855//1701
f 855//1702 852//1702 856//1702
f 849//1703 853//1703 850//1703
f 853//1704 854//1704 850//1704
f 853//1705 857//1705 859//1705
f 853//1706 859//1706 855//1706
f 854//1707 860//1707 858//1707
f 854//1708 856//1708 860//1708
f 855//1709 856//1709 859//1709
f 859//1710 856//1710 860//1710
f 853//1711 857//1711 854//1711
f 857//1712 858//1712 854//1712
f 857//1713 861//1713 863//1713
f 857//1714 863//1714 859//1714
f 858//1715 864//1715 862//1715
f 858//1716 860//1716 864//1716
f 859//1717 860//1717 863//1717
f 863//1718 860//1718 864//1718
f 857//1719 861//1719 858//1719
f 861//1720 862//1720 858//1720
f 861//1721 865//1721 867//1721
f 861//1722 867//1722 863//1722
f 862//1723 868//1723 866//1723
f 862//1724 864//1724 868//1724
f 863//1725 864//1725 867//1725
f 867//1726 864//1726 868//1726
f 861//1727 865//1727 862//1727
f 865//1728 866//1728 862//1728
f 865//1729 869//1729 871//1729
f 865//1730 871//1730 867//1730
f 866//1731 872//1731 870//1731
f 866//1732 868//1732 872//1732
f 867//1733 868//1733 871//1733
f 871//1734 868//1734 872//1734
f 865//1735 869//1735 866//1735
f 869//1736 870//1736 866//1736
f 869//1737 873//1737 875//1737
f 869//1738 875//1738 871//1738
f 870//1739 876//1739 874//1739
f 870//1740 872//1740 876//1740
f 871//1741 872//1741 875//1741
f 875//1742 872//1742 876//1742
f 869//1743 873//1743 870//1743
f 873//1744 874//1744 870//1744
f 873//1745 877//1745 879//1745
f 873//1746 879//1746 875//1746
f 874//1747 880//1747 878//1747
f 874//1748 876//1748 880//1748
f 875//1749 876//1749 879//1749
f 879//1750 876//1750 880//1750
f 873//1751 877//1751 874//1751
f 877//1752 878//1752 874//1752
f 877//1753 881//1753 883//1753
f 877//1754 883//1754 879//1754
f 878//1755 884//1755 882//1755
f 878//1756 880//1756 884//1756
f 879//1757 880//1757 883//1757
f 883//1758 880//1758 884//1758
f 877//1759 881//1759 878//1759
f 881//1760 882//1760 878//1760
f 881//1761 885//1761 887//1761
f 881//1762 887//1762 883//1762
f 882//1763 888//1763 886//1763
f 882//1764 884//1764 888//1764
f 883//1765 884//1765 887//1765
f 887//1766 884//1766 888//1766
f 881//1767 885//1767 882//1767
f 885//1768 886//1768 882//1768
f 885//1769 889//1769 891//1769
f 885//1770 891//1770 887//1770
f 886//1771 892//1771 890//1771
f 886//1772 888//1772 892//1772
f 887//1773 888//1773 891//1773
f 891//1774 888//1774 892//1774
f 885//1775 889//1775 886//1775
f 889//1776 890//1776 886//1776
f 889//1777 893//1777 895//1777
f 889//1778 895//1778 891//1778
f 890//1779 896//1779 894//1779
f 890//1780 892//1780 896//1780
f 891//1781 892//1781 895//1781
f 895//1782 892//1782 896//1782
f 889//1783 893//1783 890//1783
f 893//1784 894//1784 890//1784
f 893//1785 897//1785 899//1785
f 893//1786 899//1786 895//1786
f 894//1787 900//1787 898//1787
f 894//1788 896//1788 900//1788
f 895//1789 896//1789 899//1789
f 899//1790 896//1790 900//1790
f 893//1791 897//1791 894//1791
f 897//1792 898//1792 894//1792
f 897//1793 901//1793 903//1793
f 897//1794 903//1794 899//1794
f 898//1795 904//1795 902//1795
f 898//1796 900//1796 904//1796
f 899//1797 900//1797 903//1797
f 903//1798 900//1798 904//1798
f 897//1799 901//1799 898//1799
f 901//1800 902//1800 898//1800
f 901//1801 905//1801 907//1801
f 901//1802 907//1802 903//1802
f 902//1803 908//1803 906//1803
f 902//1804 904//1804 908//1804
f 903//1805 904//1805 907//1805
f 907//1806 904//1806 908//1806
f 901//1807 905//1807 902//1807
f 905//1808 906//1808 902//1808
f 905//1809 909//1809 911//1809
f 905//1810 911//1810 907//1810
f 906//1811 912//1811 910//1811
f 906//1812 908//1812 912//1812
f 907//1813 908//1813 911//1813
f 911//1814 908//1814 912//1814
f 905//1815 909//1815 906//1815
f 909//1816 910//1816 906//1816
f 909//1817 913//1817 915//1817
f 909//1818 915//1818 911//1818
f 910//1819 916//1819 914//1819
f 910//1820 912//1820 916//1820
f 911//1821 912//1821 915//1821
f 915//1822 912//1822 916//1822
f 909//1823 913//1823 910//1823
f 913//1824 914//1824 910//1824
f 913//1825 917//1825 919//1825
f 913//1826 919//1826 915//1826
f 914//1827 920//1827 918//1827
f 914//1828 916//1828 920//1828
f 915//1829 916//1829 919//1829
f 919//1830 916//1830 920//1830
f 913//1831 917//1831 914//1831
f 917//1832 918//1832 914//1832
f 917//1833 921//1833 923//1833
f 917//1834 923//1834 919//1834
f 918//1835 924//1835 922//1835
f 918//1836 920//1836 924//1836
f 919//1837 920//1837 923//1837
f 923//1838 920//1838 924//1838
f 917//1839 921//1839 918//1839
f 921//1840 922//1840 918//1840
f 921//1841 925//1841 927//1841
f 921//1842 927//1842 923//1842
f 922//1843 928//1843 926//1843
f 922//1844 924//1844 928//1844
f 923//1845 924//1845 927//1845
f 927//1846 924//1846 928//1846
f 921//1847 925//1847 922//1847
f 925//1848 926//1848 922//1848
f 925//1849 929//1849 931//1849
f 925//1850 931//1850 927//1850
f 926//1851 932//1851 930//1851
f 926//1852 928//1852 932//1852
f 927//1853 928//1853 931//1853
f 931//1854 928//1854 932//1854
f 925//1855 929//1855 926//1855
f 929//1856 930//1856 926//1856
f 929//1857 933//1857 935//1857
f 929//1858 935//1858 931//1858
f 930//1859 936//1859 934//1859
f 930//1860 932//1860 936//1860
f 931//1861 932//1861 935//1861
f 935//1862 932//1862 936//1862
f 929//1863 933//1863 930//1863
f 933//1864 934//1864 930//1864
f 933//1865 937//1865 939//1865
f 933//1866 939//1866 935//1866
f 934//1867 940//1867 938//1867
f 934//1868 936//1868 940//1868
f 935//1869 936//1869 939//1869
f 939//1870 936//1870 940//1870
f 933//1871 937//1871 934//1871
f 937//1872 938//1872 934//1872
f 937//1873 941//1873 943//1873
f 937//1874 943//1874 939//1874
f 938//1875 944//1875 942//1875
f 938//1876 940//1876 944//1876
f 939//1877 940//1877 943//1877
f 943//1878 940//1878 944//1878
f 937//1879 941//1879 938//1879
f 941//1880 942//1880 938//1880
f 941//1881 945//1881 947//1881
f 941//1882 947//1882 943//1882
f 942//1883 948//1883 946//1883
f 942//1884 944//1884 948//1884
f 943//1885 944//1885 947//1885
f 947//1886 944//1886 948//1886
f 941//1887 945//1887 942//1887
f 945//1888 946//1888 942//1888
f 945//1889 949//1889 951//1889
f 945//1890 951//1890 947//1890
f 946//1891 952//1891 950//1891
f 946//1892 948//1892 952//1892
f 947//1893 948//1893 951//1893
f 951//1894 948//1894 952//1894
f 945//1895 949//1895 946//1895
f 949//1896 950//1896 946//1896
f 949//1897 953//1897 955//1897
f 949//1898 955//1898 951//1898
f 950//1899 956//1899 954//1899
f 950//1900 952//1900 956//1900
f 951//1901 952//1901 955//1901
f 955//1902 952//1902 956//1902
f 949//1903 953//1903 950//1903
f 953//1904 954//1904 950//1904
f 953//1905 957//1905 959//1905
f 953//1906 959//1906 955//1906
f 954//1907 960//1907 958//1907
f 954//1908 956//1908 960//1908
f 955//1909 956//1909 959//1909
f 959//1910 956//1910 960//1910
f 953//1911 957//1911 954//1911
f 957//1912 958//1912 954//1912
f 957//1913 481//1913 483//1913
f 957//1914 483//1914 959//1914
f 958//1915 484//1915 482//1915
f 958//1916 960//1916 484//1916
f 959//1917 960//1917 483//1917
f 483//1918 960//1918 484//1918
f 957//1919 481//1919 958//1919
f 481//1920 482//1920 958//1920
f 961//1921 962//1921 963//1921
f 961//1922 963//1922 964//1922
f 961//1923 964//1923 965//1923
f 961//1924 965//1924 966//1924
f 961//1925 966//1925 967//1925
f 961//1926 967//1926 968//1926
f 961//1927 968//1927 969//1927
f 961//1928 969//1928 962//1928
f 962//1929 963//1929 971//1929
f 962//1930 971//1930 970//1930
f 963//1931 964//1931 972//1931
f 963//1932 972//1932 971//1932
f 964//1933 965//1933 973//1933
f 964//1934 973//1934 972//1934
f 965//1935 966//1935 974//1935
f 965//1936 974//1936 973//1936
f 966//1937 967//1937 975//1937
f 966//1938 975//1938 974//1938
f 967//1939 968//1939 976//1939
f 967//1940 976//1940 975//1940
f 968//1941 969//1941 977//1941
f 968//1942 977//1942 976//1942
f 969//1943 962//1943 970//1943
f 969//1944 970//1944 977//1944
f 970//1945 971//1945 979//1945
f 970//1946 979//1946 978//1946
f 971//1947 972//1947 980//1947
f 971//1948 980//1948 979//1948
f 972//1949 973//1949 981//1949
f 972//1950 981//1950 980//1950
f 973//1951 974//1951 982//1951
f 973//1952 982//1952 981//1952
f 974//1953 975//1953 983//1953
f 974//1954 983//1954 982//1954
f 975//1955 976//1955 984//1955
f 975//1956 984//1956 983//1956
f 976//1957 977//1957 985//1957
f 976//1958 985//1958 984//1958
f 977//1959 970//1959 978//1959
f 977//1960 978//1960 985//1960
f 978//1961 979//1961 987//1961
f 978//1962 987//1962 986//1962
f 979//1963 980//1963 988//1963
f 979//1964 988//1964 987//1964
f 980//1965 981//1965 989//1965
f 980//1966 989//1966 988//1966
f 981//1967 982//1967 990//1967
f 981//1968 990//1968 989//1968
f 982//1969 983//1969 991//1969
f 982//1970 991//1970 990//1970
f 983//1971 984//1971 992//1971
f 983//1972 992//1972 991//1972
f 984//1973 985//1973 993//1973
f 984//1974 993//1974 992//1974
f 985//1975 978//1975 986//1975
f 985//1976 986//1976 993//1976
f 986//1977 987//1977 995//1977
f 986//1978 995//1978 994//1978
f 987//1979 988//1979 996//1979
f 987//1980 996//1980 995//1980
f 988//1981 989//1981 997//1981
f 988//1982 997//1982 996//1982
f 989//1983 990//1983 998//1983
f 989//1984 998//1984 997//1984
f 990//1985 991//1985 999//1985
f 990//1986 999//1986 998//1986
f 991//1987 992//1987 1000//1987
f 991//1988 1000//1988 999//1988
f 992//1989 993//1989 1001//1989
f 992//1990 1001//1990 1000//1990
f 993//1991 986//1991 994//1991
f 993//1992 994//1992 1001//1992
f 994//1993 995//1993 1003//1993
f 994//1994 1003//1994 1002//1994
f 995//1995 996//1995 1004//1995
f 995//1996 1004//1996 1003//1996
f 996//1997 997//1997 1005//1997
f 996//1998 1005//1998 1004//1998
f 997//1999 998//1999 1006//1999
f 997//2000 1006//2000 1005//2000
f 998//2001 999//2001 1007//2001
f 998//2002 1007//2002 1006//2002
f 999//2003 1000//2003 1008//2003
f 999//2004 1008//2004 1007//2004
f 1000//2005 1001//2005 1009//2005
f 1000//2006 1009//2006 1008//2006
f 1001//2007 994//2007 1002//2007
f 1001//2008 1002//2008 1009//2008
f 1002//2009 1003//2009 1011//2009
f 1002//2010 1011//2010 1010//2010
f 1003//2011 1004//2011 1012//2011
f 1003//2012 1012//2012 1011//2012
f 1004//2013 1005//2013 1013//2013
f 1004//2014 1013//2014 1012//2014
f 1005//2015 1006//2015 1014//2015
f 1005//2016 1014//2016 1013//2016
f 1006//2017 1007//2017 1015//2017
f 1006//2018 1015//2018 1014//2018
f 1007//2019 1008//2019 1016//2019
f 1007//2020 1016//2020 1015//2020
f 1008//2021 1009//2021 1017//2021
f 1008//2022 1017//2022 1016//2022
f 1009//2023 1002//2023 1010//2023
f 1009//2024 1010//2024 1017//2024
f 1010//2025 1011//2025 1018//2025
f 1011//2026 1012//2026 1018//2026
f 1012//2027 1013//2027 1018//2027
f 1013//2028 1014//2028 1018//2028
f 1014//2029 1015//2029 1018//2029
f 1015//2030 1016//2030 1018//2030
f 1016//2031 1017//2031 1018//2031
f 1017//2032 1010//2032 1018//2032
f 1019//2033 1020//2033 1021//2033
f 1019//2034 1021//2034 1022//2034
f 1019//2035 1022//2035 1023//2035
f 1019//2036 1023//2036 1024//2036
f 1019//2037 1024//2037 1025//2037
f 1019//2038 1025//2038 1026//2038
f 1019//2039 1026//2039 1027//2039
f 1019//2040 1027//2040 1020//2040
f 1020//2041 1021//2041 1029//2041
f 1020//2042 1029//2042 1028//2042
f 1021//2043 1022//2043 1030//2043
f 1021//2044 1030//2044 1029//2044
f 1022//2045 1023//2045 1031//2045
f 1022//2046 1031//2046 1030//2046
f 1023//2047 1024//2047 1032//2047
f 1023//2048 1032//2048 1031//2048
f 1024//2049 1025//2049 1033//2049
f 1024//2050 1033//2050 1032//2050
f 1025//2051 1026//2051 1034//2051
f 1025//2052 1034//2052 1033//2052
f 1026//2053 1027//2053 1035//2053
f 1026//2054 1035//2054 1034//2054
f 1027//2055 1020//2055 1028//2055
f 1027//2056 1028//2056 1035//2056
f 1028//2057 1029//2057 1037//2057
f 1028//2058 1037//2058 1036//2058
f 1029//2059 1030//2059 1038//2059
f 1029//2060 1038//2060 1037//2060
f 1030//2061 1031//2061 1039//2061
f 1030//2062 1039//2062 1038//2062
f 1031//2063 1032//2063 1040//2063
f 1031//2064 1040//2064 1039//2064
f 1032//2065 1033//2065 1041//2065
f 1032//2066 1041//2066 1040//2066
f 1033//2067 1034//2067 1042//2067
f 1033//2068 1042//2068 1041//2068
f 1034//2069 1035//2069 1043//2069
f 1034//2070 1043//2070 1042//2070
f 1035//2071 1028//2071 1036//2071
f 1035//2072 1036//2072 1043//2072
f 1036//2073 1037//2073 1045//2073
f 1036//2074 1045//2074 1044//2074
f 1037//2075 1038//2075 1046//2075
f 1037//2076 1046//2076 1045//2076
f 1038//2077 1039//2077 1047//2077
f 1038//2078 1047//2078 1046//2078
f 1039//2079 1040//2079 1048//2079
f 1039//2080 1048//2080 1047//2080
f 1040//2081 1041//2081 1049//2081
f 1040//2082 1049//2082 1048//2082
f 1041//2083 1042//2083 1050//2083
f 1041//2084 1050//2084 1049//2084
f 1042//2085 1043//2085 1051//2085
f 1042//2086 1051//2086 1050//2086
f 1043//2087 1036//2087 1044//2087
f 1043//2088 1044//2088 1051//2088
f 1044//2089 1045//2089 1053//2089
f 1044//2090 1053//2090 1052//2090
f 1045//2091 1046//2091 1054//2091
f 1045//2092 1054//2092 1053//2092
f 1046//2093 1047//2093 1055//2093
f 1046//2094 1055//2094 1054//2094
f 1047//2095 1048//2095 1056//2095
f 1047//2096 1056//2096 1055//2096
f 1048//2097 1049//2097 1057//2097
f 1048//2098 1057//2098 1056//2098
f 1049//2099 1050//2099 1058//2099
f 1049//2100 1058//2100 1057//2100
f 1050//2101 1051//2101 1059//2101
f 1050//2102 1059//2102 1058//2102
f 1051//2103 1044//2103 1052//2103
f 1051//2104 1052//2104 1059//2104
f 1052//2105 1053//2105 1061//2105
f 1052//2106 1061//2106 1060//2106
f 1053//2107 1054//2107 1062//2107
f 1053//2108 1062//2108 1061//2108
f 1054//2109 1055//2109 1063//2109
f 1054//2110 1063//2110 1062//2110
f 1055//2111 1056//2111 1064//2111
f 1055//2112 1064//2112 1063//2112
f 1056//2113 1057//2113 1065//2113
f 1056//2114 1065//2114 1064//2114
f 1057//2115 1058//2115 1066//2115
f 1057//2116 1066//2116 1065//2116
f 1058//2117 1059//2117 1067//2117
f 1058//2118 1067//2118 1066//2118
f 1059//2119 1052//2119 1060//2119
f 1059//2120 1060//2120 1067//2120
f 1060//2121 1061//2121 1069//2121
f 1060//2122 1069//2122 1068//2122
f 1061//2123 1062//2123 1070//2123
f 1061//2124 1070//2124 1069//2124
f 1062//2125 1063//2125 1071//2125
f 1062//2126 1071//2126 1070//2126
f 1063//2127 1064//2127 1072//2127
f 1063//2128 1072//2128 1071//2128
f 1064//2129 1065//2129 1073//2129
f 1064//2130 1073//2130 1072//2130
f 1065//2131 1066//2131 1074//2131
f 1065//2132 1074//2132 1073//2132
f 1066//2133 1067//2133 1075//2133
f 1066//2134 1075//2134 1074//2134
f 1067//2135 1060//2135 1068//2135
f 1067//2136 1068//2136 1075//2136
f 1068//2137 1069//2137 1076//2137
f 1069//2138 1070//2138 1076//2138
f 1070//2139 1071//2139 1076//2139
f 1071//2140 1072//2140 1076//2140
f 1072//2141 1073//2141 1076//2141
f 1073//2142 1074//2142 1076//2142
f 1074//2143 1075//2143 1076//2143
f 1075//2144 1068//2144 1076//2144
f 1077//2145 1078//2145 1079//2145
f 1077//2146 1079//2146 1080//2146
f 1077//2147 1080//2147 1081//2147
f 1077//2148 1081//2148 1082//2148
f 1077//2149 1082//2149 1083//2149
f 1077//2150 1083//2150 1084//2150
f 1077//2151 1084//2151 1085//2151
f 1077//2152 1085//2152 1078//2152
f 1078//2153 1079//2153 1087//2153
f 1078//2154 1087//2154 1086//2154
f 1079//2155 1080//2155 1088//2155
f 1079//2156 1088//2156 1087//2156
f 1080//2157 1081//2157 1089//2157
f 1080//2158 1089//2158 1088//2158
f 1081//2159 1082//2159 1090//2159
f 1081//2160 1090//2160 1089//2160
f 1082//2161 1083//2161 1091//2161
f 1082//2162 1091//2162 1090//2162
f 1083//2163 1084//2163 1092//2163
f 1083//2164 1092//2164 1091//2164
f 1084//2165 1085//2165 1093//2165
f 1084//2166 1093//2166 1092//2166
f 1085//2167 1078//2167 1086//2167
f 1085//2168 1086//2168 1093//2168
f 1086//2169 1087//2169 1095//2169
f 1086//2170 1095//2170 1094//2170
f 1087//2171 1088//2171 1096//2171
f 1087//2172 1096//2172 1095//2172
f 1088//2173 1089//2173 1097//2173
f 1088//2174 1097//2174 1096//2174
f 1089//2175 1090//2175 1098//2175
f 1089//2176 1098//2176 1097//2176
f 1090//2177 1091//2177 1099//2177
f 1090//2178 1099//2178 1098//2178
f 1091//2179 1092//2179 1100//2179
f 1091//2180 1100//2180 1099//2180
f 1092//2181 1093//2181 1101//2181
f 1092//2182 1101//2182 1100//2182
f 1093//2183 1086//2183 1094//2183
f 1093//2184 1094//2184 1101//2184
f 1094//2185 1095//2185 1103//2185
f 1094//2186 1103//2186 1102//2186
f 1095//2187 1096//2187 1104//2187
f 1095//2188 1104//2188 1103//2188
f 1096//2189 1097//2189 1105//2189
f 1096//2190 1105//2190 1104//2190
f 1097//2191 1098//2191 1106//2191
f 1097//2192 1106//2192 1105//2192
f 1098//2193 1099//2193 1107//2193
f 1098//2194 1107//2194 1106//2194
f 1099//2195 1100//2195 1108//2195
f 1099//2196 1108//2196 1107//2196
f 1100//2197 1101//2197 1109//2197
f 1100//2198 1109//2198 1108//2198
f 1101//2199 1094//2199 1102//2199
f 1101//2200 1102//2200 1109//2200
f 1102//2201 1103//2201 1111//2201
f 1102//2202 1111//2202 1110//2202
f 1103//2203 1104//2203 1112//2203
f 1103//2204 1112//2204 1111//2204
f 1104//2205 1105//2205 1113//2205
f 1104//2206 1113//2206 1112//2206
f 1105//2207 1106//2207 1114//2207
f 1105//2208 1114//2208 1113//2208
f 1106//2209 1107//2209 1115//2209
f 1106//2210 1115//2210 1114//2210
f 1107//2211 1108//2211 1116//2211
f 1107//2212 1116//2212 1115//2212
f 1108//2213 1109//2213 1117//2213
f 1108//2214 1117//2214 1116//2214
f 1109//2215 1102//2215 1110//2215
f 1109//2216 1110//2216 1117//2216
f 1110//2217 1111//2217 1119//2217
f 1110//2218 1119//2218 1118//2218
f 1111//2219 1112//2219 1120//2219
f 1111//2220 1120//2220 1119//2220
f 1112//2221 1113//2221 1121//2221
f 1112//2222 1121//2222 1120//2222
f 1113//2223 1114//2223 1122//2223
f 1113//2224 1122//2224 1121//2224
f 1114//2225 1115//2225 1123//2225
f 1114//2226 1123//2226 1122//2226
f 1115//2227 1116//2227 1124//2227
f 1115//2228 1124//2228 1123//2228
f 1116//2229 1117//2229 1125//2229
f 1116//2230 1125//2230 1124//2230
f 1117//2231 1110//2231 1118//2231
f 1117//2232 1118//2232 1125//2232
f 1118//2233 1119//2233 1127//2233
f 1118//2234 1127//2234 1126//2234
f 1119//2235 1120//2235 1128//2235
f 1119//2236 1128//2236 1127//2236
f 1120//2237 1121//2237 1129//2237
f 1120//2238 1129//2238 1128//2238
f 1121//2239 1122//2239 1130//2239
f 1121//2240 1130//2240 1129//2240
f 1122//2241 1123//2241 1131//2241
f 1122//2242 1131//2242 1130//2242
f 1123//2243 1124//2243 1132//2243
f 1123//2244 1132//2244 1131//2244
f 1124//2245 1125//2245 1133//2245
f 1124//2246 1133//2246 1132//2246
f 1125//2247 1118//2247 1126//2247
f 1125//2248 1126//2248 1133//2248
f 1126//2249 1127//2249 1134//2249
f 1127//2250 1128//2250 1134//2250
f 1128//2251 1129//2251 1134//2251
f 1129//2252 1130//2252 1134//2252
f 1130//2253 1131//2253 1134//2253
f 1131//2254 1132//2254 1134//2254
f 1132//2255 1133//2255 1134//2255
f 1133//2256 1126//2256 1134//2256
f 1135//2257 1136//2257 1137//2257
f 1135//2258 1137//2258 1138//2258
f 1135//2259 1138//2259 1139//2259
f 1135//2260 1139//2260 1140//2260
f 1135//2261 1140//2261 1141//2261
f 1135//2262 1141//2262 1142//2262
f 1135//2263 1142//2263 1143//2263
f 1135//2264 1143//2264 1136//2264
f 1136//2265 1137//2265 1145//2265
f 1136//2266 1145//2266 1144//2266
f 1137//2267 1138//2267 1146//2267
f 1137//2268 1146//2268 1145//2268
f 1138//2269 1139//2269 1147//2269
f 1138//2270 1147//2270 1146//2270
f 1139//2271 1140//2271 1148//2271
f 1139//2272 1148//2272 1147//2272
f 1140//2273 1141//2273 1149//2273
f 1140//2274 1149//2274 1148//2274
f 1141//2275 1142//2275 1150//2275
f 1141//2276 1150//2276 1149//2276
f 1142//2277 1143//2277 1151//2277
f 1142//2278 1151//2278 1150//2278
f 1143//2279 1136//2279 1144//2279
f 1143//2280 1144//2280 1151//2280
f 1144//2281 1145//2281 1153//2281
f 1144//2282 1153//2282 1152//2282
f 1145//2283 1146//2283 1154//2283
f 1145//2284 1154//2284 1153//2284
f 1146//2285 1147//2285 1155//2285
f 1146//2286 1155//2286 1154//2286
f 1147//2287 1148//2287 1156//2287
f 1147//2288 1156//2288 1155//2288
f 1148//2289 1149//2289 1157//2289
f 1148//2290 1157//2290 1156//2290
f 1149//2291 1150//2291 1158//2291
f 1149//2292 1158//2292 1157//2292
f 1150//2293 1151//2293 1159//2293
f 1150//2294 1159//2294 1158//2294
f 1151//2295 1144//2295 1152//2295
f 1151//2296 1152//2296 1159//2296
f 1152//2297 1153//2297 1161//2297
f 1152//2298 1161//2298 1160//2298
f 1153//2299 1154//2299 1162//2299
f 1153//2300 1162//2300 1161//2300
f 1154//2301 1155//2301 1163//2301
f 1154//2302 1163//2302 1162//2302
f 1155//2303 1156//2303 1164//2303
f 1155//2304 1164//2304 1163//2304
f 1156//2305 1157//2305 1165//2305
f 1156//2306 1165//2306 1164//2306
f 1157//2307 1158//2307 1166//2307
f 1157//2308 1166//2308 1165//2308
f 1158//2309 1159//2309 1167//2309
f 1158//2310 1167//2310 1166//2310
f 1159//2311 1152//2311 1160//2311
f 1159//2312 1160//2312 1167//2312
f 1160//2313 1161//2313 1169//2313
f 1160//2314 1169//2314 1168//2314
f 1161//2315 1162//2315 1170//2315
f 1161//2316 1170//2316 1169//2316
f 1162//2317 1163//2317 1171//2317
f 1162//2318 1171//2318 1170//2318
f 1163//2319 1164//2319 1172//2319
f 1163//2320 1172//2320 1171//2320
f 1164//2321 1165//2321 1173//2321
f 1164//2322 1173//2322 1172//2322
f 1165//2323 1166//2323 1174//2323
f 1165//2324 1174//2324 1173//2324
f 1166//2325 1167//2325 1175//2325
f 1166//2326 1175//2326 1174//2326
f 1167//2327 1160//2327 1168//2327
f 1167//2328 1168//2328 1175//2328
f 1168//2329 1169//2329 1177//2329
f 1168//2330 1177//2330 1176//2330
f 1169//2331 1170//2331 1178//2331
f 1169//2332 1178//2332 1177//2332
f 1170//2333 1171//2333 1179//2333
f 1170//2334 1179//2334 1178//2334
f 1171//2335 1172//2335 1180//2335
f 1171//2336 1180//2336 1179//2336
f 1172//2337 1173//2337 1181//2337
f 1172//2338 1181//2338 1180//2338
f 1173//2339 1174//2339 1182//2339
f 1173//2340 1182//2340 1181//2340
f 1174//2341 1175//2341 1183//2341
f 1174//2342 1183//2342 1182//2342
f 1175//2343 1168//2343 1176//2343
f 1175//2344 1176//2344 1183//2344
f 1176//2345 1177//2345 1185//2345
f 1176//2346 1185//2346 1184//2346
f 1177//2347 1178//2347 1186//2347
f 1177//2348 1186//2348 1185//2348
f 1178//2349 1179//2349 1187//2349
f 1178//2350 1187//2350 1186//2350
f 1179//2351 1180//2351 1188//2351
f 1179//2352 1188//2352 1187//2352
f 1180//2353 1181//2353 1189//2353
f 1180//2354 1189//2354 1188//2354
f 1181//2355 1182//2355 1190//2355
f 1181//2356 1190//2356 1189//2356
f 1182//2357 1183//2357 1191//2357
f 1182//2358 1191//2358 1190//2358
f 1183//2359 1176//2359 1184//2359
f 1183//2360 1184//2360 1191//2360
f 1184//2361 1185//2361 1192//2361
f 1185//2362 1186//2362 1192//2362
f 1186//2363 1187//2363 1192//2363
f 1187//2364 1188//2364 1192//2364
f 1188//2365 1189//2365 1192//2365
f 1189//2366 1190//2366 1192//2366
f 1190//2367 1191//2367 1192//2367
f 1191//2368 1184//2368 1192//2368
f 1193//2369 1194//2369 1195//2369
f 1193//2370 1195//2370 1196//2370
f 1193//2371 1196//2371 1197//2371
f 1193//2372 1197//2372 1198//2372
f 1193//2373 1198//2373 1199//2373
f 1193//2374 1199//2374 1200//2374
f 1193//2375 1200//2375 1201//2375
f 1193//2376 1201//2376 1194//2376
f 1194//2377 1195//2377 1203//2377
f 1194//2378 1203//2378 1202//2378
f 1195//2379 1196//2379 1204//2379
f 1195//2380 1204//2380 1203//2380
f 1196//2381 1197//2381 1205//2381
f 1196//2382 1205//2382 1204//2382
f 1197//2383 1198//2383 1206//2383
f 1197//2384 1206//2384 1205//2384
f 1198//2385 1199//2385 1207//2385
f 1198//2386 1207//2386 1206//2386
f 1199//2387 1200//2387 1208//2387
f 1199//2388 1208//2388 1207//2388
f 1200//2389 1201//2389 1209//2389
f 1200//2390 1209//2390 1208//2390
f 1201//2391 1194//2391 1202//2391
f 1201//2392 1202//2392 1209//2392
f 1202//2393 1203//2393 1211//2393
f 1202//2394 1211//2394 1210//2394
f 1203//2395 1204//2395 1212//2395
f 1203//2396 1212//2396 1211//2396
f 1204//2397 1205//2397 1213//2397
f 1204//2398 1213//2398 1212//2398
f 1205//2399 1206//2399 1214//2399
f 1205//2400 1214//2400 1213//2400
f 1206//2401 1207//2401 1215//2401
f 1206//2402 1215//2402 1214//2402
f 1207//2403 1208//2403 1216//2403
f 1207//2404 1216//2404 1215//2404
f 1208//2405 1209//2405 1217//2405
f 1208//2406 1217//2406 1216//2406
f 1209//2407 1202//2407 1210//2407
f 1209//2408 1210//2408 1217//2408
f 1210//2409 1211//2409 1219//2409
f 1210//2410 1219//2410 1218//2410
f 1211//2411 1212//2411 1220//2411
f 1211//2412 1220//2412 1219//2412
f 1212//2413 1213//2413 1221//2413
f 1212//2414 1221//2414 1220//2414
f 1213//2415 1214//2415 1222//2415
f 1213//2416 1222//2416 1221//2416
f 1214//2417 1215//2417 1223//2417
f 1214//2418 1223//2418 1222//2418
f 1215//2419 1216//2419 1224//2419
f 1215//2420 1224//2420 1223//2420
f 1216//2421 1217//2421 1225//2421
f 1216//2422 1225//2422 1224//2422
f 1217//2423 1210//2423 1218//2423
f 1217//2424 1218//2424 1225//2424
f 1218//2425 1219//2425 1227//2425
f 1218//2426 1227//2426 1226//2426
f 1219//2427 1220//2427 1228//2427
f 1219//2428 1228//2428 1227//2428
f 1220//2429 1221//2429 1229//2429
f 1220//2430 1229//2430 1228//2430
f 1221//2431 1222//2431 1230//2431
f 1221//2432 1230//2432 1229//2432
f 1222//2433 1223//2433 1231//2433
f 1222//2434 1231//2434 1230//2434
f 1223//2435 1224//2435 1232//2435
f 1223//2436 1232//2436 1231//2436
f 1224//2437 1225//2437 1233//2437
f 1224//2438 1233//2438 1232//2438
f 1225//2439 1218//2439 1226//2439
f 1225//2440 1226//2440 1233//2440
f 1226//2441 1227//2441 1235//2441
f 1226//2442 1235//2442 1234//2442
f 1227//2443 1228//2443 1236//2443
f 1227//2444 1236//2444 1235//2444
f 1228//2445 1229//2445 1237//2445
f 1228//2446 1237//2446 1236//2446
f 1229//2447 1230//2447 1238//2447
f 1229//2448 1238//2448 1237//2448
f 1230//2449 1231//2449 1239//2449
f 1230//2450 1239//2450 1238//2450
f 1231//2451 1232//2451 1240//2451
f 1231//2452 1240//2452 1239//2452
f 1232//2453 1233//2453 1241//2453
f 1232//2454 1241//2454 1240//2454
f 1233//2455 1226//2455 1234//2455
f 1233//2456 1234//2456 1241//2456
f 1234//2457 1235//2457 1243//2457
f 1234//2458 1243//2458 1242//2458
f 1235//2459 1236//2459 1244//2459
f 1235//2460 1244//2460 1243//2460
f 1236//2461 1237//2461 1245//2461
f 1236//2462 1245//2462 1244//2462
f 1237//2463 1238//2463 1246//2463
f 1237//2464 1246//2464 1245//2464
f 1238//2465 1239//2465 1247//2465
f 1238//2466 1247//2466 1246//2466
f 1239//2467 1240//2467 1248//2467
f 1239//2468 1248//2468 1247//2468
f 1240//2469 1241//2469 1249//2469
f 1240//2470 1249//2470 1248//2470
f 1241//2471 1234//2471 1242//2471
f 1241//2472 1242//2472 1249//2472
f 1242//2473 1243//2473 1250//2473
f 1243//2474 1244//2474 1250//2474
f 1244//2475 1245//2475 1250//2475
f 1245//2476 1246//2476 1250//2476
f 1246//2477 1247//2477 1250//2477
f 1247//2478 1248//2478 1250//2478
f 1248//2479 1249//2479 1250//2479
f 1249//2480 1242//2480 1250//2480
f 1251//2481 1252//2481 1253//2481
f 1251//2482 1253//2482 1254//2482
f 1251//2483 1254//2483 1255//2483
f 1251//2484 1255//2484 1256//2484
f 1251//2485 1256//2485 1257//2485
f 1251//2486 1257//2486 1258//2486
f 1251//2487 1258//2487 1259//2487
f 1251//2488 1259//2488 1252//2488
f 1252//2489 1253//2489 1261//2489
f 1252//2490 1261//2490 1260//2490
f 1253//2491 1254//2491 1262//2491
f 1253//2492 1262//2492 1261//2492
f 1254//2493 1255//2493 1263//2493
f 1254//2494 1263//2494 1262//2494
f 1255//2495 1256//2495 1264//2495
f 1255//2496 1264//2496 1263//2496
f 1256//2497 1257//2497 1265//2497
f 1256//2498 1265//2498 1264//2498
f 1257//2499 1258//2499 1266//2499
f 1257//2500 1266//2500 1265//2500
f 1258//2501 1259//2501 1267//2501
f 1258//2502 1267//2502 1266//2502
f 1259//2503 1252//2503 1260//2503
f 1259//2504 1260//2504 1267//2504
f 1260//2505 1261//2505 1269//2505
f 1260//2506 1269//2506 1268//2506
f 1261//2507 1262//2507 1270//2507
f 1261//2508 1270//2508 1269//2508
f 1262//2509 1263//2509 1271//2509
f 1262//2510 1271//2510 1270//2510
f 1263//2511 1264//2511 1272//2511
f 1263//2512 1272//2512 1271//2512
f 1264//2513 1265//2513 1273//2513
f 1264//2514 1273//2514 1272//2514
f 1265//2515 1266//2515 1274//2515
f 1265//2516 1274//2516 1273//2516
f 1266//2517 1267//2517 1275//2517
f 1266//2518 1275//2518 1274//2518
f 1267//2519 1260//2519 1268//2519
f 1267//2520 1268//2520 1275//2520
f 1268//2521 1269//2521 1277//2521
f 1268//2522 1277//2522 1276//2522
f 1269//2523 1270//2523 1278//2523
f 1269//2524 1278//2524 1277//2524
f 1270//2525 1271//2525 1279//2525
f 1270//2526 1279//2526 1278//2526
f 1271//2527 1272//2527 1280//2527
f 1271//2528 1280//2528 1279//2528
f 1272//2529 1273//2529 1281//2529
f 1272//2530 1281//2530 1280//2530
f 1273//2531 1274//2531 1282//2531
f 1273//2532 1282//2532 1281//2532
f 1274//2533 1275//2533 1283//2533
f 1274//2534 1283//2534 1282//2534
f 1275//2535 1268//2535 1276//2535
f 1275//2536 1276//2536 1283//2536
f 1276//2537 1277//2537 1285//2537
f 1276//2538 1285//2538 1284//2538
f 1277//2539 1278//2539 1286//2539
f 1277//2540 1286//2540 1285//2540
f 1278//2541 1279//2541 1287//2541
f 1278//2542 1287//2542 1286//2542
f 1279//2543 1280//2543 1288//2543
f 1279//2544 1288//2544 1287//2544
f 1280//2545 1281//2545 1289//2545
f 1280//2546 1289//2546 1288//2546
f 1281//2547 1282//2547 1290//2547
f 1281//2548 1290//2548 1289//2548
f 1282//2549 1283//2549 1291//2549
f 1282//2550 1291//2550 1290//2550
f 1283//2551 1276//2551 1284//2551
f 1283//2552 1284//2552 1291//2552
f 1284//2553 1285//2553 1293//2553
f 1284//2554 1293//2554 1292//2554
f 1285//2555 1286//2555 1294//2555
f 1285//2556 1294//2556 1293//2556
f 1286//2557 1287//2557 1295//2557
f 1286//2558 1295//2558 1294//2558
f 1287//2559 1288//2559 1296//2559
f 1287//2560 1296//2560 1295//2560
f 1288//2561 1289//2561 1297//2561
f 1288//2562 1297//2562 1296//2562
f 1289//2563 1290//2563 1298//2563
f 1289//2564 1298//2564 1297//2564
f 1290//2565 1291//2565 1299//2565
f 1290//2566 1299//2566 1298//2566
f 1291//2567 1284//2567 1292//2567
f 1291//2568 1292//2568 1299//2568
f 1292//2569 1293//2569 1301//2569
f 1292//2570 1301//2570 1300//2570
f 1293//2571 1294//2571 1302//2571
f 1293//2572 1302//2572 1301//2572
f 1294//2573 1295//2573 1303//2573
f 1294//2574 1303//2574 1302//2574
f 1295//2575 1296//2575 1304//2575
f 1295//2576 1304//2576 1303//2576
f 1296//2577 1297//2577 1305//2577
f 1296//2578 1305//2578 1304//2578
f 1297//2579 1298//2579 1306//2579
f 1297//2580 1306//2580 1305//2580
f 1298//2581 1299//2581 1307//2581
f 1298//2582 1307//2582 1306//2582
f 1299//2583 1292//2583 1300//2583
f 1299//2584 1300//2584 1307//2584
f 1300//2585 1301//2585 1308//2585
f 1301//2586 1302//2586 1308//2586
f 1302//2587 1303//2587 1308//2587
f 1303//2588 1304//2588 1308//2588
f 1304//2589 1305//2589 1308//2589
f 1305//2590 1306//2590 1308//2590
f 1306//2591 1307//2591 1308//2591
f 1307//2592 1300//2592 1308//2592
f 1309//2593 1310//2593 1311//2593
f 1309//2594 1311//2594 1312//2594
f 1309//2595 1312//2595 1313//2595
f 1309//2596 1313//2596 1314//2596
f 1309//2597 1314//2597 1315//2597
f 1309//2598 1315//2598 1316//2598
f 1309//2599 1316//2599 1317//2599
f 1309//2600 1317//2600 1310//2600
f 1310//2601 1311//2601 1319//2601
f 1310//2602 1319//2602 1318//2602
f 1311//2603 1312//2603 1320//2603
f 1311//2604 1320//2604 1319//2604
f 1312//2605 1313//2605 1321//2605
f 1312//2606 1321//2606 1320//2606
f 1313//2607 1314//2607 1322//2607
f 1313//2608 1322//2608 1321//2608
f 1314//2609 1315//2609 1323//2609
f 1314//2610 1323//2610 1322//2610
f 1315//2611 1316//2611 1324//2611
f 1315//2612 1324//2612 1323//2612
f 1316//2613 1317//2613 1325//2613
f 1316//2614 1325//2614 1324//2614
f 1317//2615 1310//2615 1318//2615
f 1317//2616 1318//2616 1325//2616
f 1318//2617 1319//2617 1327//2617
f 1318//2618 1327//2618 1326//2618
f 1319//2619 1320//2619 1328//2619
f 1319//2620 1328//2620 1327//2620
f 1320//2621 1321//2621 1329//2621
f 1320//2622 1329//2622 1328//2622
f 1321//2623 1322//2623 1330//2623
f 1321//2624 1330//2624 1329//2624
f 1322//2625 1323//2625 1331//2625
f 1322//2626 1331//2626 1330//2626
f 1323//2627 1324//2627 1332//2627
f 1323//2628 1332//2628 1331//2628
f 1324//2629 1325//2629 1333//2629
f 1324//2630 1333//2630 1332//2630
f 1325//2631 1318//2631 1326//2631
f 1325//2632 1326//2632 1333//2632
f 1326//2633 1327//2633 1335//2633
f 1326//2634 1335//2634 1334//2634
f 1327//2635 1328//2635 1336//2635
f 1327//2636 1336//2636 1335//2636
f 1328//2637 1329//2637 1337//2637
f 1328//2638 1337//2638 1336//2638
f 1329//2639 1330//2639 1338//2639
f 1329//2640 1338//2640 1337//2640
f 1330//2641 1331//2641 1339//2641
f 1330//2642 1339//2642 1338//2642
f 1331//2643 1332//2643 1340//2643
f 1331//2644 1340//2644 1339//2644
f 1332//2645 1333//2645 1341//2645
f 1332//2646 1341//2646 1340//2646
f 1333//2647 1326//2647 1334//2647
f 1333//2648 1334//2648 1341//2648
f 1334//2649 1335//2649 1343//2649
f 1334//2650 1343//2650 1342//2650
f 1335//2651 1336//2651 1344//2651
f 1335//2652 1344//2652 1343//2652
f 1336//2653 1337//2653 1345//2653
f 1336//2654 1345//2654 1344//2654
f 1337//2655 1338//2655 1346//2655
f 1337//2656 1346//2656 1345//2656
f 1338//2657 1339//2657 1347//2657
f 1338//2658 1347//2658 1346//2658
f 1339//2659 1340//2659 1348//2659
f 1339//2660 1348//2660 1347//2660
f 1340//2661 1341//2661 1349//2661
f 1340//2662 1349//2662 1348//2662
f 1341//2663 1334//2663 1342//2663
f 1341//2664 1342//2664 1349//2664
f 1342//2665 1343//2665 1351//2665
f 1342//2666 1351//2666 1350//2666
f 1343//2667 1344//2667 1352//2667
f 1343//2668 1352//2668 1351//2668
f 1344//2669 1345//2669 1353//2669
f 1344//2670 1353//2670 1352//2670
f 1345//2671 1346//2671 1354//2671
f 1345//2672 1354//2672 1353//2672
f 1346//2673 1347//2673 1355//2673
f 1346//2674 1355//2674 1354//2674
f 1347//2675 1348//2675 1356//2675
f 1347//2676 1356//2676 1355//2676
f 1348//2677 1349//2677 1357//2677
f 1348//2678 1357//2678 1356//2678
f 1349//2679 1342//2679 1350//2679
f 1349//2680 1350//2680 1357//2680
f 1350//2681 1351//2681 1359//2681
f 1350//2682 1359//2682 1358//2682
f 1351//2683 1352//2683 1360//2683
f 1351//2684 1360//2684 1359//2684
f 1352//2685 1353//2685 1361//2685
f 1352//2686 1361//2686 1360//2686
f 1353//2687 1354//2687 1362//2687
f 1353//2688 1362//2688 1361//2688
f 1354//2689 1355//2689 1363//2689
f 1354//2690 1363//2690 1362//2690
f 1355//2691 1356//2691 1364//2691
f 1355//2692 1364//2692 1363//2692
f 1356//2693 1357//2693 1365//2693
f 1356//2694 1365//2694 1364//2694
f 1357//2695 1350//2695 1358//2695
f 1357//2696 1358//2696 1365//2696
f 1358//2697 1359//2697 1366//2697
f 1359//2698 1360//2698 1366//2698
f 1360//2699 1361//2699 1366//2699
f 1361//2700 1362//2700 1366//2700
f 1362//2701 1363//2701 1366//2701
f 1363//2702 1364//2702 1366//2702
f 1364//2703 1365//2703 1366//2703
f 1365//2704 1358//2704 1366//2704
f 1367//2705 1368//2705 1369//2705
f 1367//2706 1369//2706 1370//2706
f 1367//2707 1370//2707 1371//2707
f 1367//2708 1371//2708 1372//2708
f 1367//2709 1372//2709 1373//2709
f 1367//2710 1373//2710 1374//2710
f 1367//2711 1374//2711 1375//2711
f 1367//2712 1375//2712 1368//2712
f 1368//2713 1369//2713 1377//2713
f 1368//2714 1377//2714 1376//2714
f 1369//2715 1370//2715 1378//2715
f 1369//2716 1378//2716 1377//2716
f 1370//2717 1371//2717 1379//2717
f 1370//2718 1379//2718 1378//2718
f 1371//2719 1372//2719 1380//2719
f 1371//2720 1380//2720 1379//2720
f 1372//2721 1373//2721 1381//2721
f 1372//2722 1381//2722 1380//2722
f 1373//2723 1374//2723 1382//2723
f 1373//2724 1382//2724 1381//2724
f 1374//2725 1375//2725 1383//2725
f 1374//2726 1383//2726 1382//2726
f 1375//2727 1368//2727 1376//2727
f 1375//2728 1376//2728 1383//2728
f 1376//2729 1377//2729 1385//2729
f 1376//2730 1385//2730 1384//2730
f 1377//2731 1378//2731 1386//2731
f 1377//2732 1386//2732 1385//2732
f 1378//2733 1379//2733 1387//2733
f 1378//2734 1387//2734 1386//2734
f 1379//2735 1380//2735 1388//2735
f 1379//2736 1388//2736 1387//2736
f 1380//2737 1381//2737 1389//2737
f 1380//2738 1389//2738 1388//2738
f 1381//2739 1382//2739 1390//2739
f 1381//2740 1390//2740 1389//2740
f 1382//2741 1383//2741 1391//2741
f 1382//2742 1391//2742 1390//2742
f 1383//2743 1376//2743 1384//2743
f 1383//2744 1384//2744 1391//2744
f 1384//2745 1385//2745 1393//2745
f 1384//2746 1393//2746 1392//2746
f 1385//2747 1386//2747 1394//2747
f 1385//2748 1394//2748 1393//2748
f 1386//2749 1387//2749 1395//2749
f 1386//2750 1395//2750 1394//2750
f 1387//2751 1388//2751 1396//2751
f 1387//2752 1396//2752 1395//2752
f 1388//2753 1389//2753 1397//2753
f 1388//2754 1397//2754 1396//2754
f 1389//2755 1390//2755 1398//2755
f 1389//2756 1398//2756 1397//2756
f 1390//2757 1391//2757 1399//2757
f 1390//2758 1399//2758 1398//2758
f 1391//2759 1384//2759 1392//2759
f 1391//2760 1392//2760 1399//2760
f 1392//2761 1393//2761 1401//2761
f 1392//2762 1401//2762 1400//2762
f 1393//2763 1394//2763 1402//2763
f 1393//2764 1402//2764 1401//2764
f 1394//2765 1395//2765 1403//2765
f 1394//2766 1403//2766 1402//2766
f 1395//2767 1396//2767 1404//2767
f 1395//2768 1404//2768 1403//2768
f 1396//2769 1397//2769 1405//2769
f 1396//2770 1405//2770 1404//2770
f 1397//2771 1398//2771 1406//2771
f 1397//2772 1406//2772 1405//2772
f 1398//2773 1399//2773 1407//2773
f 1398//2774 1407//2774 1406//2774
f 1399//2775 1392//2775 1400//2775
f 1399//2776 1400//2776 1407//2776
f 1400//2777 1401//2777 1409//2777
f 1400//2778 1409//2778 1408//2778
f 1401//2779 1402//2779 1410//2779
f 1401//2780 1410//2780 1409//2780
f 1402//2781 1403//2781 1411//2781
f 1402//2782 1411//2782 1410//2782
f 1403//2783 1404//2783 1412//2783
f 1403//2784 1412//2784 1411//2784
f 1404//2785 1405//2785 1413//2785
f 1404//2786 1413//2786 1412//2786
f 1405//2787 1406//2787 1414//2787
f 1405//2788 1414//2788 1413//2788
f 1406//2789 1407//2789 1415//2789
f 1406//2790 1415//2790 1414//2790
f 1407//2791 1400//2791 1408//2791
f 1407//2792 1408//2792 1415//2792
f 1408//2793 1409//2793 1417//2793
f 1408//2794 1417//2794 1416//2794
f 1409//2795 1410//2795 1418//2795
f 1409//2796 1418//2796 1417//2796
f 1410//2797 1411//2797 1419//2797
f 1410//2798 1419//2798 1418//2798
f 1411//2799 1412//2799 1420//2799
f 1411//2800 1420//2800 1419//2800
f 1412//2801 1413//2801 1421//2801
f 1412//2802 1421//2802 1420//2802
f 1413//2803 1414//2803 1422//2803
f 1413//2804 1422//2804 1421//2804
f 1414//2805 1415//2805 1423//2805
f 1414//2806 1423//2806 1422//2806
f 1415//2807 1408//2807 1416//2807
f 1415//2808 1416//2808 1423//2808
f 1416//2809 1417//2809 1424//2809
f 1417//2810 1418//2810 1424//2810
f 1418//2811 1419//2811 1424//2811
f 1419//2812 1420//2812 1424//2812
f 1420//2813 1421//2813 1424//2813
f 1421//2814 1422//2814 1424//2814
f 1422//2815 1423//2815 1424//2815
f 1423//2816 1416//2816 1424//2816
